AZI;Abu Dhabi AE (AZI);Abu Dhabi (AZI-Bateen)
AUH;Abu Dhabi, AE (AUH);Abu Dhabi, AE (AUH)
AAN;Al Ain, AE (AAN);Al Ain, AE (AAN)
FJR;Al-Fujairah AE (FJR);Al-Fujairah (FJR-Fujairah Intl.)
DXB;Dubai, AE (DXB);Dubai, AE (DXB)
DWC;Jebel Ali, Dubai AE (DWC);Jebel Ali, Dubai AE (DWC)
RKT;Ras al Khaimah, AE (RKT);Ras al Khaimah, AE (RKT)
SHJ;Sharjah, AE (SHJ);Sharjah, AE (SHJ)
ADK;Adak Island, AK, US (ADK);Adak Island, AK, US (ADK)
AKK;Akhiok, AK, US (AKK);Akhiok, AK, US (AKK)
KKI;Akiachak, AK, US (KKI);Akiachak, AK, US (KKI)
AKI;Akiak, AK, US (AKI);Akiak, AK, US (AKI)
KQA;Akutan, AK, US (KQA);Akutan, AK, US (KQA)
AUK;Alakanuk, AK, US (AUK);Alakanuk, AK, US (AUK)
WKK;Aleknagik, AK, US (WKK);Aleknagik, AK, US (WKK)
ALZ;Alitak, AK, US (ALZ);Alitak, AK, US (ALZ)
AET;Allakaket, AK, US (AET);Allakaket, AK, US (AET)
ABL;Ambler, AK, US (ABL);Ambler, AK, US (ABL)
AOS;Amook, AK, US (AOS);Amook, AK, US (AOS)
AKP;Anaktuvuk Pass, AK, US (AKP);Anaktuvuk Pass, AK, US (AKP)
EDF;Anchorage, AK (EDF);Anchorage, AK (EDF-Elmendorf)
MRI;Anchorage, AK (MRI);Anchorage, AK (MRI-Merrill Field)
ANC;Anchorage, AK, US (ANC);Anchorage, AK, US (ANC)
AGN;Angoon, AK, US (AGN);Angoon, AK, US (AGN)
ANI;Aniak, AK, US (ANI);Aniak, AK, US (ANI)
ANV;Anvik, AK, US (ANV);Anvik, AK, US (ANV)
ARC;Arctic Village, AK, US (ARC);Arctic Village, AK, US (ARC)
AKB;Atka, AK, US (AKB);Atka, AK, US (AKB)
ATT;Atmautluak, AK, US (ATT);Atmautluak, AK, US (ATT)
ATK;Atqasuk, AK, US (ATK);Atqasuk, AK, US (ATK)
BRW;Barrow, AK, US (BRW);Barrow, AK, US (BRW)
BTI;Barter Island, AK, US (BTI);Barter Island, AK, US (BTI)
BSZ;Bartletts, AK (BSZ);Bartletts, AK (BSZ)
WBQ;Beaver, AK, US (WBQ);Beaver, AK, US (WBQ)
BET;Bethel, AK, US (BET);Bethel, AK, US (BET)
BTT;Bettles, AK, US (BTT);Bettles, AK, US (BTT)
BIC;Big Creek, AK (BIC);Big Creek, AK (BIC)
KBC;Birch Creek, AK, US (KBC);Birch Creek, AK, US (KBC)
BYA;Boundary, AK (BYA);Boundary, AK (BYA)
KTS;Brevig Mission, AK, US (KTS);Brevig Mission, AK, US (KTS)
RBH;Brooks Lodge, AK (RBH);Brooks Lodge, AK (RBH)
BKC;Buckland, AK, US (BKC);Buckland, AK, US (BKC)
CBZ;Cabin Creek, AK (CBZ);Cabin Creek, AK (CBZ)
CDL;Candle, AK (CDL);Candle, AK (CDL)
LUR;Cape Lisburne, AK, US (LUR);Cape Lisburne, AK, US (LUR)
EHM;Cape Newenham, AK (EHM);Cape Newenham, AK (EHM)
CEM;Central, AK, US (CEM);Central, AK, US (CEM)
CIK;Chalkyitsik, AK, US (CIK);Chalkyitsik, AK, US (CIK)
CYF;Chefornak, AK, US (CYF);Chefornak, AK, US (CYF)
VAK;Chevak, AK, US (VAK);Chevak, AK, US (VAK)
CKX;Chicken, AK, US (CKX);Chicken, AK, US (CKX)
KBW;Chignik Lagoon, AK (KBW);Chignik Lagoon, AK (KBW-Chignik Bay)
KCG;Chignik, AK, US (KCG);Chignik, AK, US (KCG)
KCL;Chignik, AK, US (KCL);Chignik, AK, US (KCL)
KCQ;Chignik, AK, US (KCQ);Chignik, AK, US (KCQ)
CZN;Chisana, AK (CZN);Chisana, AK (CZN)
CHU;Chuathbaluk, AK, US (CHU);Chuathbaluk, AK, US (CHU)
CHP;Circle Hot Springs, AK (CHP);Circle Hot Springs, AK (CHP)
IRC;Circle, AK, US (IRC);Circle, AK, US (IRC)
CLP;Clarks Point, AK, US (CLP);Clarks Point, AK, US (CLP)
CFA;Coffee Point, AK (CFA);Coffee Point, AK (CFA)
KCC;Coffman Cove, AK, US (KCC);Coffman Cove, AK, US (KCC)
CDB;Cold Bay, AK, US (CDB);Cold Bay, AK, US (CDB)
CDV;Cordova, AK, US (CDV);Cordova, AK, US (CDV)
CBA;Corner Bay, AK (CBA);Corner Bay, AK (CBA-Seaplane Base)
CIL;Council, AK (CIL);Council, AK (CIL)
CGA;Craig, AK, US (CGA);Craig, AK, US (CGA)
CKD;Crooked Creek, AK, US (CKD);Crooked Creek, AK, US (CKD)
DRG;Deering, AK, US (DRG);Deering, AK, US (DRG)
DJN;Delta Junction, AK (DJN);Delta Junction, AK (DJN)
MCL;Denali National Park, Mount McKinley National Park, AK (MCL);Denali National Park, AK (MCL)
DLG;Dillingham, AK, US (DLG);Dillingham, AK, US (DLG)
DLO;Dolomi, AK (DLO);Dolomi, AK (DLO)
DOF;Dora Bay, AK (DOF);Dora Bay, AK (DOF)
DUT;Dutch Harbor, AK, US (DUT);Dutch Harbor, AK, US (DUT)
EAA;Eagle, AK, US (EAA);Eagle, AK, US (EAA)
EDA;Edna Bay, AK, US (EDA);Edna Bay, AK, US (EDA)
EEK;Eek, AK, US (EEK);Eek, AK, US (EEK)
EGX;Egegik, AK, US (EGX);Egegik, AK, US (EGX)
KKU;Ekuk, AK, US (KKU);Ekuk, AK, US (KKU)
KEK;Ekwok, AK, US (KEK);Ekwok, AK, US (KEK)
ELV;Elfin Cove, AK, US (ELV);Elfin Cove, AK, US (ELV)
ELI;Elim, AK, US (ELI);Elim, AK, US (ELI)
EMK;Emmonak, AK, US (EMK);Emmonak, AK, US (EMK)
EXI;Excursion Inlet, AK, US (EXI);Excursion Inlet, AK, US (EXI)
MTX;Fairbanks, AK (MTX);Fairbanks, AK (MTX-Metro Field)
PII;Fairbanks, AK (PII);Fairbanks, AK (PII-Phillips Field)
FAI;Fairbanks, AK, US (FAI);Fairbanks, AK, US (FAI)
FAK;False Island, AK (FAK);False Island, AK (FAK)
KFP;False Pass, AK, US (KFP);False Pass, AK, US (KFP)
FIC;Fire Cove, AK (FIC);Fire Cove, AK (FIC)
FLT;Flat, AK (FLT);Flat, AK (FLT)
FYU;Fort Yukon, AK, US (FYU);Fort Yukon, AK, US (FYU)
GAL;Galena, AK, US (GAL);Galena, AK, US (GAL)
GAM;Gambell, AK, US (GAM);Gambell, AK, US (GAM)
GLV;Golovin, AK, US (GLV);Golovin, AK, US (GLV)
GNU;Goodnews Bay, AK, US (GNU);Goodnews Bay, AK, US (GNU)
KGX;Grayling, AK, US (KGX);Grayling, AK, US (KGX)
GST;Gustavus, AK, US (GST);Gustavus, AK, US (GST)
HNS;Haines, AK, US (HNS);Haines, AK, US (HNS)
HKB;Healy Lake, AK, US (HKB);Healy Lake, AK, US (HKB)
HBH;Hobart Bay, AK (HBH);Hobart Bay, AK (HBH-Seaplane Base)
HYL;Hollis, AK, US (HYL);Hollis, AK, US (HYL)
HCR;Holy Cross, AK, US (HCR);Holy Cross, AK, US (HCR)
HOM;Homer, AK, US (HOM);Homer, AK, US (HOM)
HMS;Homeshore, AK (HMS);Homeshore, AK (HMS)
HNH;Hoonah, AK, US (HNH);Hoonah, AK, US (HNH)
HPB;Hooper Bay, AK, US (HPB);Hooper Bay, AK, US (HPB)
HUS;Hughes, AK, US (HUS);Hughes, AK, US (HUS)
HSL;Huslia, AK, US (HSL);Huslia, AK, US (HSL)
HYG;Hydaburg, AK, US (HYG);Hydaburg, AK, US (HYG)
WHD;Hyder, AK (WHD);Hyder, AK (WHD)
IGG;Igiugig, AK, US (IGG);Igiugig, AK, US (IGG)
ILI;Iliamna, AK, US (ILI);Iliamna, AK, US (ILI)
KIB;Ivanof Bay, AK (KIB);Ivanof Bay, AK (KIB-Seaplane Base)
JNU;Juneau, AK, US (JNU);Juneau, AK, US (JNU)
KAE;Kake, AK, US (KAE);Kake, AK, US (KAE)
KNK;Kakhonak, AK, US (KNK);Kakhonak, AK, US (KNK)
KLG;Kalskag, AK, US (KLG);Kalskag, AK, US (KLG)
KAL;Kaltag, AK, US (KAL);Kaltag, AK, US (KAL)
KYK;Karluk, AK, US (KYK);Karluk, AK, US (KYK)
KXA;Kasaan, AK, US (KXA);Kasaan, AK, US (KXA)
KUK;Kasigluk, AK, US (KUK);Kasigluk, AK, US (KUK)
ENA;Kenai, AK, US (ENA);Kenai, AK, US (ENA)
WFB;Ketchikan, AK (WFB);Ketchikan, AK (WFB-Waterfront Seaplane Base)
KTN;Ketchikan, AK, US (KTN);Ketchikan, AK, US (KTN)
IAN;Kiana, AK, US (IAN);Kiana, AK, US (IAN)
KVC;King Cove, AK, US (KVC);King Cove, AK, US (KVC)
AKN;King Salmon, AK, US (AKN);King Salmon, AK, US (AKN)
KPN;Kipnuk, AK, US (KPN);Kipnuk, AK, US (KPN)
KKB;Kitoi, AK, US (KKB);Kitoi, AK, US (KKB)
KVL;Kivalina, AK, US (KVL);Kivalina, AK, US (KVL)
KLW;Klawock, AK, US (KLW);Klawock, AK, US (KLW)
OBU;Kobuk, AK, US (OBU);Kobuk, AK, US (OBU)
KDK;Kodiak, AK (KDK);Kodiak, AK (KDK)
ADQ;Kodiak, AK, US (ADQ);Kodiak, AK, US (ADQ)
KGK;Koliganek, AK, US (KGK);Koliganek, AK, US (KGK)
KKH;Kongiganak, AK, US (KKH);Kongiganak, AK, US (KKH)
KOT;Kotlik, AK, US (KOT);Kotlik, AK, US (KOT)
OTZ;Kotzebue, AK, US (OTZ);Kotzebue, AK, US (OTZ)
KKA;Koyuk, AK, US (KKA);Koyuk, AK, US (KKA)
KYU;Koyukuk, AK, US (KYU);Koyukuk, AK, US (KYU)
KWT;Kwethluk, AK, US (KWT);Kwethluk, AK, US (KWT)
KWK;Kwigillingok, AK, US (KWK);Kwigillingok, AK, US (KWK)
WLB;Labouchere Bay, AK (WLB);Labouchere Bay, AK (WLB)
LMA;Lake Minchumina, AK, US (LMA);Lake Minchumina, AK, US (LMA)
KLN;Larsen Bay, AK, US (KLN);Larsen Bay, AK, US (KLN)
KLL;Levelock, AK, US (KLL);Levelock, AK, US (KLL)
LVD;Lime Village, AK (LVD);Lime Village, AK (LVD)
DIO;Little Diomede Island, AK (DIO);Little Diomede Island, AK (DIO)
LPW;Little Port Walter, AK (LPW);Little Port Walter, AK (LPW)
LIJ;Long Island, AK (LIJ);Long Island, AK (LIJ)
MLY;Manley Hot Springs, AK, US (MLY);Manley Hot Springs, AK, US (MLY)
KMO;Manokotak, AK, US (KMO);Manokotak, AK, US (KMO)
MLL;Marshall, AK, US (MLL);Marshall, AK, US (MLL)
MCG;Mc Grath, AK, US (MCG);Mc Grath, AK, US (MCG)
MYU;Mekoryuk, AK, US (MYU);Mekoryuk, AK, US (MYU)
MTM;Metlakatla, AK, US (MTM);Metlakatla, AK, US (MTM)
WMK;Meyers Chuck, AK, US (WMK);Meyers Chuck, AK, US (WMK)
MNT;Minto, AK, US (MNT);Minto, AK, US (MNT)
KMY;Moser Bay, AK, US (KMY);Moser Bay, AK, US (KMY)
MOU;Mountain Village, AK, US (MOU);Mountain Village, AK, US (MOU)
NNK;Naknek, AK (NNK);Naknek, AK (NNK)
KEB;Nanwalek, AK, US (KEB);Nanwalek, AK, US (KEB)
WNA;Napakiak, AK, US (WNA);Napakiak, AK, US (WNA)
PKA;Napaskiak, AK, US (PKA);Napaskiak, AK, US (PKA)
NKI;Naukiti, AK, US (NKI);Naukiti, AK, US (NKI)
NLG;Nelson Lagoon, AK, US (NLG);Nelson Lagoon, AK, US (NLG)
ENN;Nenana, AK (ENN);Nenana, AK (ENN)
KNW;New Stuyahok, AK, US (KNW);New Stuyahok, AK, US (KNW)
WWT;Newtok, AK, US (WWT);Newtok, AK, US (WWT)
NME;Nightmute, AK, US (NME);Nightmute, AK, US (NME)
NIB;Nikolai, AK, US (NIB);Nikolai, AK, US (NIB)
IKO;Nikolski, AK, US (IKO);Nikolski, AK, US (IKO)
WTK;Noatak, AK, US (WTK);Noatak, AK, US (WTK)
OME;Nome, AK, US (OME);Nome, AK, US (OME)
NNL;Nondalton, AK, US (NNL);Nondalton, AK, US (NNL)
ORV;Noorvik, AK, US (ORV);Noorvik, AK, US (ORV)
NUI;Nuiqsut, AK, US (NUI);Nuiqsut, AK, US (NUI)
NUL;Nulato, AK, US (NUL);Nulato, AK, US (NUL)
NUP;Nunapitchuk, AK, US (NUP);Nunapitchuk, AK, US (NUP)
ZNC;Nyac, AK (ZNC);Nyac, AK (ZNC)
OLH;Old Harbor, AK, US (OLH);Old Harbor, AK, US (OLH)
KOY;Olga Bay, AK, US (KOY);Olga Bay, AK, US (KOY)
KOZ;Ouzinkie, AK, US (KOZ);Ouzinkie, AK, US (KOZ)
PBK;Pack Creek, AK (PBK);Pack Creek, Admiralty Island, AK (PBK)
PAQ;Palmer, AK (PAQ);Palmer, AK (PAQ)
KPK;Parks, AK (KPK);Parks, AK (KPK)
PDB;Pedro Bay, AK, US (PDB);Pedro Bay, AK, US (PDB)
PEC;Pelican, AK, US (PEC);Pelican, AK, US (PEC)
KPV;Perryville, AK, US (KPV);Perryville, AK, US (KPV)
PSG;Petersburg, AK, US (PSG);Petersburg, AK, US (PSG)
PNF;Peterson's Point, AK (PNF);Peterson's Point, AK (PNF)
PIP;Pilot Point, AK, US (PIP);Pilot Point, AK, US (PIP)
UGB;Pilot Point, AK, US (UGB);Pilot Point, AK, US (UGB)
PQS;Pilot Station, AK, US (PQS);Pilot Station, AK, US (PQS)
PTU;Platinum, AK, US (PTU);Platinum, AK, US (PTU)
KPB;Point Baker, AK, US (KPB);Point Baker, AK, US (KPB)
PHO;Point Hope, AK, US (PHO);Point Hope, AK, US (PHO)
PIZ;Point Lay, AK, US (PIZ);Point Lay, AK, US (PIZ)
POQ;Polk Inlet, AK, US (POQ);Polk Inlet, AK, US (POQ)
PTD;Port Alexander, AK (PTD);Port Alexander, AK (PTD)
PTC;Port Alice, AK (PTC);Port Alice, Heceta Island, AK (PTC)
PTA;Port Alsworth, AK, US (PTA);Port Alsworth, AK, US (PTA)
PTL;Port Armstrong, AK (PTL);Port Armstrong, AK (PTL)
KPY;Port Bailey, AK, US (KPY);Port Bailey, AK, US (KPY)
KPC;Port Clarence, AK (KPC);Port Clarence, AK (KPC)
PGM;Port Graham, AK, US (PGM);Port Graham, AK, US (PGM)
PTH;Port Heiden, AK, US (PTH);Port Heiden, AK, US (PTH)
ORI;Port Lions, AK, US (ORI);Port Lions, AK, US (ORI)
PML;Port Moller, AK, US (PML);Port Moller, AK, US (PML)
PPV;Port Protection, AK, US (PPV);Port Protection, AK, US (PPV)
KPR;Port Williams, AK, US (KPR);Port Williams, AK, US (KPR)
PCA;Portage Creek, AK (PCA);Portage Creek, AK (PCA)
SCC;Prudhoe Bay, AK, US (SCC);Prudhoe Bay, AK, US (SCC)
KWN;Quinhagak, AK, US (KWN);Quinhagak, AK, US (KWN)
RMP;Rampart, AK, US (RMP);Rampart, AK, US (RMP)
RDV;Red Devil, AK, US (RDV);Red Devil, AK, US (RDV)
RWB;Rowan Bay, AK (RWB);Rowan Bay, Kuiu Island, AK (RWB)
RBY;Ruby, AK, US (RBY);Ruby, AK, US (RBY)
RSH;Russian Mission, AK, US (RSH);Russian Mission, AK, US (RSH)
SDP;Sand Point, AK, US (SDP);Sand Point, AK, US (SDP)
SVA;Savoonga, AK, US (SVA);Savoonga, AK, US (SVA)
SCM;Scammon Bay, AK, US (SCM);Scammon Bay, AK, US (SCM)
SYB;Seal Bay, AK, US (SYB);Seal Bay, AK, US (SYB)
WLK;Selawik, AK, US (WLK);Selawik, AK, US (WLK)
SOV;Seldovia, AK, US (SOV);Seldovia, AK, US (SOV)
SWD;Seward, AK (SWD);Seward, AK (SWD)
SHX;Shageluk, AK, US (SHX);Shageluk, AK, US (SHX)
SKK;Shaktoolik, AK, US (SKK);Shaktoolik, AK, US (SKK)
SXP;Sheldon Point, AK, US (SXP);Sheldon Point, AK, US (SXP)
SHH;Shishmaref, AK, US (SHH);Shishmaref, AK, US (SHH)
SHG;Shungnak, AK, US (SHG);Shungnak, AK, US (SHG)
SIT;Sitka, AK, US (SIT);Sitka, AK, US (SIT)
SGY;Skagway, AK, US (SGY);Skagway, AK, US (SGY)
SKW;Skwentna, AK (SKW);Skwentna, AK (SKW)
SLQ;Sleetmute, AK, US (SLQ);Sleetmute, AK, US (SLQ)
SCJ;Smith Cove, AK (SCJ);Smith Cove, AK (SCJ)
SXQ;Soldotna, AK (SXQ);Soldotna, AK (SXQ)
SOL;Solomon, AK (SOL);Solomon, AK (SOL)
WSN;South Naknek, AK, US (WSN);South Naknek, AK, US (WSN)
STG;St. George Island, AK, US (STG);St. George Island, AK, US (STG)
KSM;St. Mary's, AK, US (KSM);St. Mary's, AK, US (KSM)
SMK;St. Michael, AK, US (SMK);St. Michael, AK, US (SMK)
SNP;St. Paul Island, AK, US (SNP);St. Paul Island, AK, US (SNP)
WBB;Stebbins, AK, US (WBB);Stebbins, AK, US (WBB)
SVS;Stevens Village, AK, US (SVS);Stevens Village, AK, US (SVS)
SRV;Stony River, AK, US (SRV);Stony River, AK, US (SRV)
TCT;Takotna, AK, US (TCT);Takotna, AK, US (TCT)
TKA;Talkeetna, AK (TKA);Talkeetna, AK (TKA)
TAL;Tanana, AK, US (TAL);Tanana, AK, US (TAL)
TLJ;Tatalina, AK, US (TLJ);Tatalina, AK, US (TLJ)
TEK;Tatitlek, AK (TEK);Tatitlek, AK (TEK)
TLA;Teller, AK, US (TLA);Teller, AK, US (TLA)
TKE;Tenakee, AK, US (TKE);Tenakee, AK, US (TKE)
TEH;Tetlin, AK (TEH);Tetlin, AK (TEH)
KTB;Thorne Bay, AK, US (KTB);Thorne Bay, AK, US (KTB)
TNC;Tin City, AK, US (TNC);Tin City, AK, US (TNC)
GFB;Togiak Fish, AK (GFB);Togiak Fish, AK (GFB)
TOG;Togiak, AK, US (TOG);Togiak, AK, US (TOG)
TKJ;Tok, AK, US (TKJ);Tok, AK, US (TKJ)
TKI;Tokeen, AK (TKI);Tokeen, AK (TKI)
OOK;Toksook Bay, AK, US (OOK);Toksook Bay, AK, US (OOK)
TLT;Tuluksak, AK, US (TLT);Tuluksak, AK, US (TLT)
WTL;Tuntutuliak, AK, US (WTL);Tuntutuliak, AK, US (WTL)
TNK;Tununak, AK, US (TNK);Tununak, AK, US (TNK)
TWA;Twin Hills, AK, US (TWA);Twin Hills, AK, US (TWA)
UGI;Uganik, AK, US (UGI);Uganik, AK, US (UGI)
UNK;Unalakleet, AK, US (UNK);Unalakleet, AK, US (UNK)
UTO;Utopia Creek, AK (UTO);Utopia Creek, AK (UTO)
VDZ;Valdez, AK, US (VDZ);Valdez, AK, US (VDZ)
VEE;Venetie, AK, US (VEE);Venetie, AK, US (VEE)
AIN;Wainwright, AK, US (AIN);Wainwright, AK, US (AIN)
WAA;Wales, AK, US (WAA);Wales, AK, US (WAA)
KWF;Waterfall, AK, US (KWF);Waterfall, AK, US (KWF)
KWP;West Point, AK, US (KWP);West Point, AK, US (KWP)
WWP;Whale Pass, AK, US (WWP);Whale Pass, AK, US (WWP)
WMO;White Mountain, AK, US (WMO);White Mountain, AK, US (WMO)
WOW;Willow, AK (WOW);Willow, AK (WOW)
WRG;Wrangell, AK, US (WRG);Wrangell, AK, US (WRG)
YAK;Yakutat, AK, US (YAK);Yakutat, AK, US (YAK)
KZB;Zachar Bay, AK, US (KZB);Zachar Bay, AK, US (KZB)
ANB;Anniston, AL (ANB);Anniston, AL (ANB-County)
AUO;Auburn, AL (AUO);Auburn, AL (AUO-Auburn-Opelika)
BHM;Birmingham, AL, US (BHM);Birmingham, AL, US (BHM)
DHN;Dothan, AL, US (DHN);Dothan, AL, US (DHN)
ETS;Enterprise, AL (ETS);Enterprise, AL (ETS)
GAD;Gadsden, AL (GAD);Gadsden, AL (GAD)
GUF;Gulf Shores, AL (GUF);Gulf Shores, AL (GUF-Jack Edwards)
HAB;Hamilton, AL (HAB);Hamilton, AL (HAB-Marion County)
HSV;Huntsville, AL, US (HSV);Huntsville, AL, US (HSV)
MOB;Mobile, AL, US (MOB);Mobile, AL, US (MOB)
MGM;Montgomery, AL, US (MGM);Montgomery, AL, US (MGM)
MSL;Muscle Shoals, AL, US (MSL);Muscle Shoals, AL, US (MSL)
TCL;Tuscaloosa, AL (TCL);Tuscaloosa, AL (TCL-Van de Graaf)
TGE;Tuskegee, AL (TGE);Tuskegee, AL (TGE-Sharpe Field)
BVX;Batesville, AR (BVX);Batesville, AR (BVX)
XNA;Bentonville/Fayetteville, AR, US (XNA);Bentonville/Fayetteville, AR, US (XNA)
CDH;Camden, AR (CDH);Camden, AR (CDH-Harrell Field)
ELD;El Dorado, AR, US (ELD);El Dorado, AR, US (ELD)
FYV;Fayetteville, AR (FYV);Fayetteville, AR (FYV)
FSM;Fort Smith, AR, US (FSM);Fort Smith, AR, US (FSM)
HRO;Harrison, AR, US (HRO);Harrison, AR, US (HRO)
HOT;Hot Springs, AR, US (HOT);Hot Springs, AR, US (HOT)
JBR;Jonesboro, AR, US (JBR);Jonesboro, AR, US (JBR)
LIT;Little Rock, AR, US (LIT);Little Rock, AR, US (LIT)
WMH;Mountain Home, AR (WMH);Mountain Home, AR (WMH)
PBF;Pine Bluff, AR (PBF);Pine Bluff, AR (PBF-Grider Field)
ROG;Rogers, AR (ROG);Rogers, AR (ROG-Municipal-Carter Field)
SPZ;Springdale, AR (SPZ);Springdale, AR (SPZ)
TXK;Texarkana, AR, US (TXK);Texarkana, AR, US (TXK)
OFU;Ofu Is. AS (OFU);Ofu Is. (OFU-Ofu)
PPG;Pago Pago, AS, US (PPG);Pago Pago, AS, US (PPG)
TAV;Tau Is. AS (TAV);Tau Is. (TAV-Tau)
BGT;Bagdad, AZ (BGT);Bagdad, AZ (BGT)
BSQ;Bisbee, AZ (BSQ);Bisbee, AZ (BSQ)
IFP;Bullhead City, AZ (IFP);Bullhead City, AZ (IFP-Laughlin Bullhead Intl.)
CTW;Cottonwood, AZ (CTW);Cottonwood, AZ (CTW)
DUG;Douglas, AZ (DUG);Douglas, AZ (DUG-Bisbee-Douglas Intl.)
FLG;Flagstaff, AZ, US (FLG);Flagstaff, AZ, US (FLG)
FHU;Fort Huachuca, AZ (FHU);Fort Huachuca, AZ (FHU-Libby Aaf Sierra Vista Mun.)
JGC;Grand Canyon, AZ (JGC);Grand Canyon, AZ (JGC-Grand Canyon Heliport)
NGC;Grand Canyon, AZ (NGC);Grand Canyon, AZ (NGC-North Rim)
GCN;Grand Canyon, AZ, US (GCN);Grand Canyon, AZ, US (GCN)
HAE;Havasupai, AZ (HAE);Havasupai, AZ (HAE)
MVM;Kayenta, AZ (MVM);Kayenta, AZ (MVM)
IGM;Kingman, AZ (IGM);Kingman, AZ (IGM-Mohave County)
HII;Lake Havasu City, AZ (HII);Lake Havasu City, AZ (HII-Lake Havasu City)
MSC;Mesa, AZ (MSC);Mesa, AZ (MSC-Falcon Field)
OLS;Nogales, AZ (OLS);Nogales, AZ (OLS)
PGA;Page, AZ, US (PGA);Page, AZ, US (PGA)
PJB;Payson, AZ (PJB);Payson, AZ (PJB)
PGS;Peach Springs, AZ (PGS);Peach Springs, AZ (PGS)
DVT;Phoenix, AZ (DVT);Phoenix, AZ (DVT-Deer Valley)
PHX;Phoenix, AZ, US (PHX);Phoenix, AZ, US (PHX)
PXL;Polacca, AZ (PXL);Polacca, AZ (PXL)
PRC;Prescott, AZ, US (PRC);Prescott, AZ, US (PRC)
SAD;Safford, AZ (SAD);Safford, AZ (SAD)
SCF;Scottsdale, AZ (SCF);Scottsdale, AZ (SCF-Scottsdale Municipal)
SDX;Sedona, AZ (SDX);Sedona, AZ (SDX)
SOW;Show Low, AZ, US (SOW);Show Low, AZ, US (SOW)
TYZ;Taylor, AZ (TYZ);Taylor, AZ (TYZ)
TUS;Tucson, AZ, US (TUS);Tucson, AZ, US (TUS)
WTR;Whiteriver, AZ (WTR);Whiteriver, AZ (WTR)
INW;Winslow, AZ (INW);Winslow, AZ (INW)
YUM;Yuma, AZ, US (YUM);Yuma, AZ, US (YUM)
APV;Apple Valley, CA (APV);Apple Valley, CA (APV)
AVX;Avalon, CA (AVX);Avalon, Catalina Island, CA (AVX-Avalon Bay)
CIB;Avalon, CA (CIB);Avalon, Catalina Island, CA (CIB-Airport In The Sky)
SXC;Avalon, CA (SXC);Avalon, Catalina Island, CA (SXC-Avalo Vor Wp)
BFL;Bakersfield, CA, US (BFL);Bakersfield, CA, US (BFL)
BNG;Banning, CA (BNG);Banning, CA (BNG)
UDD;Bermuda Dunes, CA (UDD);Bermuda Dunes, CA (UDD)
RBF;Big Bear, CA (RBF);Big Bear, CA (RBF)
BIH;Bishop, CA (BIH);Bishop, CA (BIH)
BLH;Blythe, CA (BLH);Blythe, CA (BLH)
BXS;Borrego Springs, CA (BXS);Borrego Springs, CA (BXS-Borrego Valley)
BUR;Burbank, CA, US (BUR);Burbank, CA, US (BUR)
CXL;Calexico, CA (CXL);Calexico, CA (CXL)
CLD;Carlsbad, CA (CLD);Carlsbad, CA (CLD-Palomar)
CIC;Chico, CA (CIC);Chico, CA (CIC-Chico Municipal)
CNO;Chino, CA (CNO);Chino, CA (CNO)
CPM;Compton, CA (CPM);Compton, CA (CPM)
CCR;Concord, CA (CCR);Concord, CA (CCR-Buchanan)
CEC;Crescent City, CA (CEC);Crescent City, CA (CEC-Jack McNamara Field)
DAG;Daggett, CA (DAG);Daggett, CA (DAG-Barstow-Daggett)
DTH;Death Valley, CA (DTH);Death Valley, CA (DTH)
EDW;Edwards, CA (EDW);Edwards, CA (EDW)
CJN;El Cajon, CA (CJN);El Cajon, CA (CJN-Gillespie Field)
IPL;El Centro, CA, US (IPL);El Centro, CA, US (IPL)
EMT;El Monte, CA (EMT);El Monte, CA (EMT)
EKA;Eureka, CA (EKA);Eureka, CA (EKA-Murray Field)
ACV;Eureka, CA, US (ACV);Eureka, CA, US (ACV)
FOB;Fort Bragg, CA (FOB);Fort Bragg, CA (FOB-Little River-Mendocino)
FAT;Fresno, CA, US (FAT);Fresno, CA, US (FAT)
FUL;Fullerton, CA (FUL);Fullerton, CA (FUL)
HHR;Hawthorne, CA, US (HHR);Hawthorne, CA, US (HHR)
HMT;Hemet, CA (HMT);Hemet, CA (HMT-Hemet-Ryan)
IYK;Inyokern, CA (IYK);Inyokern, CA (IYK-Kern County)
KIC;King City, CA (KIC);King City, CA (KIC-Mesa Del Rey)
POC;La Verne, CA (POC);La Verne, CA (POC-Brackett Field)
TVL;Lake Tahoe, CA (TVL);Lake Tahoe, CA (TVL-Lake Tahoe)
LVK;Livermore, CA (LVK);Livermore, CA (LVK)
LPC;Lompoc, CA (LPC);Lompoc, CA (LPC)
LGB;Long Beach, CA, US (LGB);Long Beach, CA, US (LGB)
JBP;Los Angeles, CA (JBP);Los Angeles, CA (JBP-Commerce Business Plaza)
JID;Los Angeles, CA (JID);Los Angeles, CA (JID-City Of Industry)
LAX;Los Angeles, CA, US (LAX - All Airports);Los Angeles, CA, US (LAX - All Airports)
LAX;Los Angeles, CA, US (LAX);Los Angeles, CA, US (LAX)
MMH;Mammoth Lakes, CA, US (MMH);Mammoth Lakes, CA, US (MMH)
MYV;Marysville, CA (MYV);Marysville, CA (MYV-Yuba County)
MCE;Merced, CA, US (MCE);Merced, CA, US (MCE)
MOD;Modesto, CA (MOD);Modesto, CA (MOD)
MHV;Mojave, CA (MHV);Mojave, CA (MHV)
MRY;Monterey, CA, US (MRY);Monterey, CA, US (MRY)
APC;Napa, CA, US (APC);Napa, CA, US (APC)
NOT;Novato, CA (NOT);Novato, CA (NOT-Gnoss Field)
OAK;Oakland, CA, US (OAK);Oakland, CA, US (OAK)
OCN;Oceanside, CA (OCN);Oceanside, CA (OCN)
ONT;Ontario, CA, US (ONT);Ontario, CA, US (ONT)
SNA;Orange County, CA, US (SNA);Orange County, CA, US (SNA)
OXR;Oxnard, CA (OXR);Oxnard, CA (OXR-Ventura County)
PSP;Palm Springs, CA, US (PSP);Palm Springs, CA, US (PSP)
PMD;Palmdale, CA (PMD);Palmdale, CA (PMD-Air Force 42)
WJF;Palmdale, CA (WJF);Palmdale, CA (WJF-Fox)
PRB;Paso Robles, CA (PRB);Paso Robles, CA (PRB-County)
PVF;Placerville, CA (PVF);Placerville, CA (PVF)
JBS;Pleasanton, CA (JBS);Pleasanton, CA (JBS)
RBK;Rancho California, CA (RBK);Rancho California, CA (RBK)
RBL;Red Bluff, CA (RBL);Red Bluff, CA (RBL)
RDD;Redding, CA, US (RDD);Redding, CA, US (RDD)
RAL;Riverside, CA (RAL);Riverside, CA (RAL)
SAC;Sacramento, CA (SAC);Sacramento, CA (SAC-Executive)
SMF;Sacramento, CA, US (SMF);Sacramento, CA, US (SMF)
SNS;Salinas, CA (SNS);Salinas, CA (SNS)
SBT;San Bernardino, CA (SBT);San Bernardino, CA (SBT)
SDM;San Diego, CA (SDM);San Diego, CA (SDM-Brown Field Munc.)
MYF;San Diego, CA, US (MYF);San Diego, CA, US (MYF)
SAN;San Diego, CA, US (SAN);San Diego, CA, US (SAN)
EMB;San Francisco, CA (EMB);San Francisco, CA (EMB-Embarkadero)
JCC;San Francisco, CA (JCC);San Francisco, CA (JCC-China Basin)
JCE;San Francisco, CA (JCE);San Francisco, CA (JCE-Oakland Conv. Ctr.)
SFO;San Francisco, CA, US (SFO - All Airports);San Francisco Bay Area, CA (SFO - All Airports)
SFO;San Francisco, CA, US (SFO);San Francisco, CA, US (SFO)
SJC;San Jose, CA, US (SJC);San Jose, CA, US (SJC)
SBP;San Luis Obispo, CA, US (SBP);San Luis Obispo, CA, US (SBP)
SPQ;San Pedro, CA (SPQ);San Pedro, CA (SPQ)
SBA;Santa Barbara, CA, US (SBA);Santa Barbara, CA, US (SBA)
SMX;Santa Maria, CA, US (SMX);Santa Maria, CA, US (SMX)
SMO;Santa Monica, CA (SMO);Santa Monica, CA (SMO-Santa Monica Munc.)
SZP;Santa Paula, CA (SZP);Santa Paula, CA (SZP)
STS;Santa Rosa, CA, US (STS);Santa Rosa, CA, US (STS)
SQA;Santa Ynez, CA (SQA);Santa Ynez, CA (SQA)
JMC;Sausalito, CA (JMC);Sausalito, CA (JMC-California-Marin City)
SCK;Stockton, CA, US (SCK);Stockton, CA, US (SCK)
TRM;Thermal, CA, US (TRM);Thermal, CA, US (TRM)
TOA;Torrance, CA (TOA);Torrance, CA (TOA)
TKF;Truckee, CA (TKF);Truckee, CA (TKF)
TNP;Twentynine Palms, CA (TNP);Twentynine Palms, CA (TNP)
TWH;Two Harbors, CA (TWH);Two Harbors, Catalina Island, CA (TWH-Two Harbors)
UKI;Ukiah, CA (UKI);Ukiah, CA (UKI)
CCB;Upland, CA (CCB);Upland, CA (CCB-Cable)
VLO;Vallejo, CA (VLO);Vallejo, CA (VLO-Stolport)
VNY;Van Nuys, CA (VNY);Van Nuys, CA (VNY)
VIS;Visalia, CA, US (VIS);Visalia, CA, US (VIS)
OYS;Yosemite National Park, CA (OYS);Yosemite National Park, CA (OYS-Pine Mountain Lake)
ACD;Acandi CO (ACD);Acandi (ACD)
APO;Apartado, CO (APO);Apartado, CO (APO)
AUC;Arauca, CO (AUC);Arauca, CO (AUC)
AXM;Armenia, CO (AXM);Armenia, CO (AXM)
BSC;Bahia Solano, CO (BSC);Bahia Solano, CO (BSC)
EJA;Barrancabermeja, CO (EJA);Barrancabermeja, CO (EJA)
BAQ;Barranquilla, CO (BAQ);Barranquilla, CO (BAQ)
BOG;Bogota, CO (BOG);Bogota, CO (BOG)
BGA;Bucaramanga, CO (BGA);Bucaramanga, CO (BGA)
BUN;Buenaventura, CO (BUN);Buenaventura, CO (BUN)
CLO;Cali, CO (CLO);Cali, CO (CLO)
CTG;Cartagena, CO (CTG);Cartagena, CO (CTG)
CAQ;Caucasia CO (CAQ);Caucasia (CAQ)
IGO;Chigorodo CO (IGO);Chigorodo (IGO)
COG;Condoto CO (COG);Condoto (COG-Mandinga)
CUC;Cucuta, CO (CUC);Cucuta, CO (CUC)
EBG;El Bagre CO (EBG);El Bagre (EBG)
FLA;Florencia, CO (FLA);Florencia, CO (FLA)
GPI;Guapi, CO (GPI);Guapi, CO (GPI)
IBE;Ibague, CO (IBE);Ibague, CO (IBE)
IPI;Ipiales CO (IPI);Ipiales (IPI-San Luis)
LET;Leticia, CO (LET);Leticia, CO (LET)
MZL;Manizales, CO (MZL);Manizales, CO (MZL)
EOH;Medellin, CO (EOH);Medellin, CO (EOH - Olaya Herrera)
MDE;Medellin, CO (MDE);Medellin, CO (MDE - Jose Maria Cordova)
MTR;Monteria, CO (MTR);Monteria, CO (MTR)
NAR;Nare CO (NAR);Nare (NAR)
NCI;Necocli CO (NCI);Necocli (NCI)
NVA;Neiva, CO (NVA);Neiva, CO (NVA)
OCV;Ocana CO (OCV);Ocana (OCV)
OTU;Otu CO (OTU);Otu (OTU)
PSO;Pasto, CO (PSO);Pasto, CO (PSO)
PEI;Pereira, CO (PEI);Pereira, CO (PEI)
PPN;Popayan, CO (PPN);Popayan, CO (PPN)
PUU;Puerto Asis, CO (PUU);Puerto Asis, CO (PUU)
PBE;Puerto Berrio CO (PBE);Puerto Berrio (PBE)
PCR;Puerto Carreno, CO (PCR);Puerto Carreno, CO (PCR)
PDA;Puerto Inirida, CO (PDA);Puerto Inirida, CO (PDA)
UIB;Quibdo, CO (UIB);Quibdo, CO (UIB)
RCH;Riohacha, CO (RCH);Riohacha, CO (RCH)
ADZ;San Andres, CO (ADZ);San Andres, CO (ADZ)
SJE;San Jose del Guaviaro, CO (SJE);San Jose del Guaviaro, CO (SJE)
SMR;Santa Marta, CO (SMR);Santa Marta, CO (SMR)
TCO;Tumaco, CO (TCO);Tumaco, CO (TCO)
TRB;Turbo CO (TRB);Turbo (TRB-Gonzalo)
URR;Urrao CO (URR);Urrao (URR)
VUP;Valledupar, CO (VUP);Valledupar, CO (VUP)
VVC;Villavicencio, CO (VVC);Villavicencio, CO (VVC)
EYP;Yopal, CO (EYP);Yopal, CO (EYP)
BDR;Bridgeport, CT (BDR);Bridgeport, CT (BDR-Igor I. Sikorsky Memorial)
DXR;Danbury, CT (DXR);Danbury, CT (DXR)
HFD;Hartford, CT (HFD);Hartford, CT (HFD-Hartford-Brainard)
BDL;Hartford, CT, US (BDL);Hartford, CT, US (BDL)
MPE;Madison, CT (MPE);Madison, CT (MPE-Griswold)
HVN;New Haven, CT, US (HVN);New Haven, CT, US (HVN)
ZVE;New Haven, CT, US (ZVE - Rail Station);New Haven, CT, US (ZVE - Rail Station)
GON;New London, CT (GON);New London, CT (GON-Groton-New London)
OXC;Oxford, CT (OXC);Oxford, CT (OXC-Waterbury-Oxford)
ZTF;Stamford, CT, US (ZTF - Rail Station);Stamford, CT, US (ZTF - Rail Station)
ZWU;Washington, DC (ZWU - Union Rail Station);Washington, DC (ZWU - Union Rail Station)
DCA;Washington, DC, US (DCA - National);Washington, DC, US (DCA - National)
IAD;Washington, DC, US (IAD - Dulles);Washington, DC, US (IAD - Dulles)
WAS;Washington, DC, US (WAS - All Airports);Washington, DC, US (WAS - All Airports)
AAH;Aachen DE (AAH);Aachen (AAH-Maastricht)
AOC;Altenburg DE (AOC);Altenburg (AOC)
AGB;Augsburg, DE (AGB);Augsburg, DE (AGB)
BBH;Barth DE (BBH);Barth (BBH)
BYU;Bayreuth DE (BYU);Bayreuth (BYU-Bindlacher Berg)
BER;Berlin, DE (BER - All Airports);Berlin, DE (BER - All Airports)
BER;Berlin, DE (BER - Brandenburg);Berlin, DE (BER - Brandenburg)
SXF;Berlin, DE (SXF - Schoenefeld);Berlin, DE (SXF - Schoenefeld)
TXL;Berlin, DE (TXL - Tegel);Berlin, DE (TXL - Tegel)
THF;Berlin, Germany (THF - Tempelhof);Berlin, Germany (THF - Tempelhof)
BMK;Borkum DE (BMK);Borkum (BMK)
BWE;Braunschweig DE (BWE);Braunschweig (BWE)
BRE;Bremen, DE (BRE);Bremen, DE (BRE)
BRV;Bremerhaven DE (BRV);Bremerhaven (BRV)
CGN;Cologne, DE (CGN);Cologne, DE (CGN)
QKL;Cologne, DE (QKL - Rail Station);Cologne, DE (QKL - Rail Station)
NDZ;Cuxhaven DE (NDZ);Cuxhaven (NDZ-Nordholz-Spieka)
DTM;Dortmund, DE (DTM);Dortmund, DE (DTM)
DRS;Dresden, DE (DRS);Dresden, DE (DRS)
DUS;Dusseldorf, DE (DUS);Dusseldorf, DE (DUS)
EME;Emden DE (EME);Emden (EME)
ERF;Erfurt, DE (ERF);Erfurt, DE (ERF)
FRA;Frankfurt, DE (FRA);Frankfurt, DE (FRA)
HHN;Frankfurt, DE (HHN - Hahn);Frankfurt, DE (HHN - Hahn)
FDH;Friedrichshafen, DE (FDH);Friedrichshafen, DE (FDH)
GTI;Guettin, Guttin DE (GTI);Guettin, Rugen Island (GTI)
HAM;Hamburg, DE (HAM);Hamburg, DE (HAM)
HAJ;Hannover, DE (HAJ);Hannover, DE (HAJ)
HEI;Heide DE (HEI);Heide (HEI)
HDB;Heidelberg DE (HDB);Heidelberg (HDB)
HGL;Helgoland DE (HGL);Helgoland (HGL)
HDF;Heringsdorf, DE (HDF);Heringsdorf, DE (HDF)
HOQ;Hof DE (HOQ);Hof (HOQ-Hof-Pirk)
JUI;Juist DE (JUI);Juist (JUI)
KSF;Kassel, DE (KSF);Kassel, DE (KSF)
KEL;Kiel, DE (KEL);Kiel, DE (KEL)
KZG;Kitzingen DE (KZG);Kitzingen (KZG)
LHA;Lahr DE (LHA);Lahr (LHA)
LGO;Langeoog DE (LGO);Langeoog (LGO)
LEJ;Leipzig, DE (LEJ);Leipzig, DE (LEJ)
LBC;Lubeck, DE (LBC);Lubeck, DE (LBC)
MHG;Mannheim, DE (MHG);Mannheim, DE (MHG)
MGL;Monchengladbach DE (MGL);Monchengladbach (MGL)
FMO;Muenster, DE (FMO);Muenster, DE (FMO)
MUC;Munich, DE (MUC);Munich, DE (MUC)
NOE;Norddeich DE (NOE);Norddeich (NOE)
NRD;Norderney DE (NRD);Norderney (NRD)
NUE;Nuremberg, DE (NUE);Nuremberg, DE (NUE)
OBF;Oberpfaffenhofen DE (OBF);Oberpfaffenhofen (OBF)
PAD;Paderborn, DE (PAD);Paderborn, DE (PAD)
RLG;Rostock, DE (RLG);Rostock, DE (RLG)
SCN;Saarbrucken, DE (SCN);Saarbrucken, DE (SCN)
ZQW;Saarbruecken, Germany (ZQW);Saarbruecken Zweibruecken, Germany (ZQW)
SGE;Siegen DE (SGE);Siegen (SGE-Siegerland)
PSH;St. Peter-Ording DE (PSH);St. Peter-Ording (PSH)
RBM;Straubing DE (RBM);Straubing (RBM-Wallmuhle)
STR;Stuttgart, DE (STR);Stuttgart, DE (STR)
ZWS;Stuttgart, DE (ZWS - Rail Station);Stuttgart, DE (ZWS - Rail Station)
AGE;Wangerooge DE (AGE);Wangerooge (AGE)
GWT;Westerland, DE (GWT);Westerland, DE (GWT)
WVN;Wilhelmshaven DE (WVN);Wilhelmshaven (WVN)
OHR;Wyk auf Fohr DE (OHR);Wyk auf Fohr (OHR)
DAB;Daytona Beach, FL, US (DAB);Daytona Beach, FL, US (DAB)
DSI;Destin, FL, US (DSI);Destin, FL, US (DSI)
RBN;Fort Jefferson/ Dry Tortugas National Park, FL (RBN);Fort Jefferson National Park, FL (RBN)
FXE;Fort Lauderdale, FL (FXE);Fort Lauderdale, FL (FXE-Fort Lauderdale Executive)
FLL;Fort Lauderdale, FL, US (FLL);Fort Lauderdale, FL, US (FLL)
FMY;Fort Myers, FL (FMY);Fort Myers, FL (FMY-Page Field)
RSW;Fort Myers, FL, US (RSW);Fort Myers, FL, US (RSW)
FPR;Fort Pierce, FL (FPR);Fort Pierce, FL (FPR-Saint Lucie County)
VPS;Fort Walton Beach, FL, US (VPS);Fort Walton Beach, FL, US (VPS)
GNV;Gainesville, FL, US (GNV);Gainesville, FL, US (GNV)
HST;Homestead, FL (HST);Homestead, FL (HST)
CRG;Jacksonville, FL (CRG);Jacksonville, FL (CRG-Craig Municipal)
JAX;Jacksonville, FL, US (JAX);Jacksonville, FL, US (JAX)
KEY;Key Largo, FL (KEY);Key Largo, FL (KEY-Port Largo)
EYW;Key West, FL, US (EYW);Key West, FL, US (EYW)
ISM;Kissimmee, FL (ISM);Kissimmee, FL (ISM-Municpal)
LAL;Lakeland, FL (LAL);Lakeland, FL (LAL)
MTH;Marathon, FL (MTH);Marathon, FL (MTH-Marathon)
MRK;Marco Island, FL (MRK);Marco Island, FL (MRK)
MLB;Melbourne, FL, US (MLB);Melbourne, FL, US (MLB)
JDM;Miami, FL (JDM);Miami, FL (JDM-Miami-Downtown)
MPB;Miami, FL (MPB);Miami, FL (MPB-Public Seaplane Base)
MFL;Miami, FL, US (MIA - All Airports);Miami, FL, US (MIA - All Airports)
MIA;Miami, FL, US (MIA);Miami, FL, US (MIA)
APF;Naples, FL, US (APF);Naples, FL, US (APF)
OCF;Ocala, FL (OCF);Ocala, FL (OCF-Jim Taylor Field)
OCA;Ocean Reef Club, FL (OCA);Ocean Reef Club, FL (OCA)
DWS;Orlando, FL (DWS);Orlando, FL (DWS-Walt Disney World)
ORL;Orlando, FL (ORL);Orlando, FL (ORL-Herndon)
MCO;Orlando, FL, US (MCO);Orlando, FL, US (MCO - International)
SFB;Orlando, FL, US (SFB);Orlando, FL, US (SFB - Sanford)
PFN;Panama City, FL (PFN);Panama City, FL (PFN)
ECP;Panama City, FL, US (ECP);Panama City, FL, US (ECP)
PNS;Pensacola, FL, US (PNS);Pensacola, FL, US (PNS)
PPM;Pompano Beach, FL (PPM);Pompano Beach, FL (PPM)
PGD;Punta Gorda, FL, US (PGD);Punta Gorda, FL, US (PGD)
SRQ;Sarasota, FL, US (SRQ);Sarasota, FL, US (SRQ)
SEF;Sebring, FL (SEF);Sebring, FL (SEF-Industrial Park)
UST;St. Augustine, FL, US (UST);St. Augustine, FL, US (UST)
PIE;St. Petersburg, FL, US (PIE);St. Petersburg, FL, US (PIE)
SUA;Stuart, FL (SUA);Stuart, FL (SUA-Witham Field)
TLH;Tallahassee, FL, US (TLH);Tallahassee, FL, US (TLH)
TPA;Tampa, FL, US (TPA);Tampa, FL, US (TPA)
TIX;Titusville, FL (TIX);Titusville, FL (TIX-Space Center Executive)
VNC;Venice, FL (VNC);Venice, FL (VNC)
VRB;Vero Beach, FL (VRB);Vero Beach, FL (VRB-Vero Beach Municipal)
LNA;West Palm Beach, FL (LNA);West Palm Beach, FL (LNA-Palm Beach Cty)
PBI;West Palm Beach, FL, US (PBI);West Palm Beach, FL, US (PBI)
ABY;Albany, GA, US (ABY);Albany, GA, US (ABY)
AHN;Athens, GA (AHN);Athens, GA (AHN)
JAE;Atlanta, GA (JAE);Atlanta, GA (JAE-Technology Park)
JAJ;Atlanta, GA (JAJ);Atlanta, GA (JAJ-Perimeter Mall)
JAO;Atlanta, GA (JAO);Atlanta, GA (JAO-Beaver Ruin)
JGL;Atlanta, GA (JGL);Atlanta, GA (JGL-Galleria)
ATL;Atlanta, GA, US (ATL);Atlanta, GA, US (ATL)
PDK;Atlanta, GA, US (PDK);Atlanta, GA, US (PDK)
AGS;Augusta, GA, US (AGS);Augusta, GA, US (AGS)
SSI;Brunswick, GA (SSI);Brunswick, GA (SSI-McKinnon)
BQK;Brunswick, GA, US (BQK);Brunswick, GA, US (BQK)
CSG;Columbus, GA, US (CSG);Columbus, GA, US (CSG)
GVL;Gainesville, GA (GVL);Gainesville, GA (GVL-Lee Gilmer Memorial)
LGC;La Grange, GA (LGC);La Grange, GA (LGC-Calloway)
MCN;Macon, GA (MCN);Macon, GA (MCN-Lewis B. Wilson)
MGR;Moultrie, GA (MGR);Moultrie, GA (MGR)
RMG;Rome, GA (RMG);Rome, GA (RMG-Richard B. Russell Field)
SAV;Savannah, GA, US (SAV);Savannah, GA, US (SAV)
VLD;Valdosta, GA, US (VLD);Valdosta, GA, US (VLD)
AYS;Waycross, GA (AYS);Waycross, GA (AYS-Waycross-Ware County)
GUM;Guam, GU, US (GUM);Guam, GU, US (GUM)
HNM;Hana, HI, US (HNM);Hana, HI, US (HNM)
ITO;Hilo, HI, US (ITO);Hilo, HI, US (ITO)
HNL;Honolulu, HI, US (HNL);Honolulu, HI, US (HNL)
MKK;Hoolehua, HI, US (MKK);Hoolehua, HI, US (MKK)
HKP;Kaanapali, HI (HKP);Kaanapali, Maui, HI (HKP)
OGG;Kahului, HI, US (OGG);Kahului, HI, US (OGG)
MUE;Kamuela, HI, US (MUE);Kamuela, HI, US (MUE)
JHM;Kapalua, HI, US (JHM);Kapalua, HI, US (JHM)
KOA;Kona, HI, US (KOA);Kona, HI, US (KOA)
LNY;Lanai, HI, US (LNY);Lanai, HI, US (LNY)
LIH;Lihue, HI, US (LIH);Lihue, HI, US (LIH)
HPV;Princeville, HI (HPV);Princeville, Kauai, HI (HPV)
UPP;Upolu Point, Hawi, HI (UPP);Upolu Point, Hawaii (Big) Island, HI (UPP-Upolu Airport)
WKL;Waikoloa, HI (WKL);Waikoloa, Hawaii (Big) Island, HI (WKL)
BRL;Burlington, IA, US (BRL);Burlington, IA, US (BRL)
CID;Cedar Rapids, IA, US (CID);Cedar Rapids, IA, US (CID)
CWI;Clinton, IA (CWI);Clinton, IA (CWI)
DVN;Davenport, IA (DVN);Davenport, IA (DVN)
DSM;Des Moines, IA, US (DSM);Des Moines, IA, US (DSM)
DBQ;Dubuque, IA, US (DBQ);Dubuque, IA, US (DBQ)
FOD;Fort Dodge, IA, US (FOD);Fort Dodge, IA, US (FOD)
FMS;Fort Madison, IA (FMS);Fort Madison, IA (FMS)
EOK;Keokuk, IA (EOK);Keokuk, IA (EOK)
MIW;Marshalltown, IA (MIW);Marshalltown, IA (MIW)
MCW;Mason City, IA, US (MCW);Mason City, IA, US (MCW)
OTM;Ottumwa, IA (OTM);Ottumwa, IA (OTM-Industrial)
POH;Pocahontas, IA (POH);Pocahontas, IA (POH)
SUX;Sioux City, IA, US (SUX);Sioux City, IA, US (SUX)
SPW;Spencer, IA (SPW);Spencer, IA (SPW-Spencer Municipal)
ALO;Waterloo, IA, US (ALO);Waterloo, IA, US (ALO)
ARD;Alor, ID (ARD);Alor, ID (ARD)
AHI;Amahai ID (AHI);Amahai, Seram (AHI)
AMQ;Ambon, ID (AMQ);Ambon, ID (AMQ)
AGD;Anggi ID (AGD);Anggi (AGD)
AAS;Apalapsili ID (AAS);Apalapsili (AAS)
ABU;Atambua, ID (ABU);Atambua, ID (ABU)
AYW;Ayawasi ID (AYW);Ayawasi (AYW)
BXB;Babo, ID (BXB);Babo, ID (BXB)
BXD;Bade ID (BXD);Bade, Irian Jaya (BXD)
BJW;Bajawa, ID (BJW);Bajawa, ID (BJW)
BPN;Balikpapan, ID (BPN);Balikpapan, ID (BPN)
NAF;Banaina ID (NAF);Banaina (NAF)
BTJ;Banda Aceh, ID (BTJ);Banda Aceh, ID (BTJ)
NDA;Bandanaira ID (NDA);Bandanaira (NDA)
TKG;Bandar Lampung, ID (TKG);Bandar Lampung, ID (TKG)
BDO;Bandung, ID (BDO);Bandung, ID (BDO)
BDJ;Banjarmasin, ID (BDJ);Banjarmasin, ID (BDJ)
BTH;Batam, ID (BTH);Batam, ID (BTH)
BXM;Batom ID (BXM);Batom (BXM)
BKS;Bengkulu, ID (BKS);Bengkulu, ID (BKS)
BEJ;Berau, ID (BEJ);Berau, ID (BEJ)
BIK;Biak, ID (BIK);Biak, ID (BIK)
BMU;Bima, ID (BMU);Bima, ID (BMU)
NTI;Bintuni ID (NTI);Bintuni, Irian Jaya (NTI)
BUI;Bokondini ID (BUI);Bokondini, Irian Jaya (BUI)
UOL;Buol ID (UOL);Buol, Sulawesi (UOL)
BUW;Buton/Babau, ID (BUW);Buton/Babau, ID (BUW)
CXP;Cilacap ID (CXP);Cilacap, Java (CXP-Tunggulwulung)
CBN;Cirebon ID (CBN);Cirebon, Java (CBN-Penggung)
SIQ;Dabo ID (SIQ);Dabo, Singkep (SIQ-Dabo)
DTD;Datadawai, Data Dawai ID (DTD);Datadawai, Kalimantan (DTD)
DPS;Denpasar Bali, ID (DPS);Denpasar Bali, ID (DPS)
DUM;Dumai ID (DUM);Dumai, Sumatra (DUM-Pinang Kampai)
EWI;Enarotali ID (EWI);Enarotali, Irian Jaya (EWI)
ENE;Ende, ID (ENE);Ende, ID (ENE)
FKQ;Fak-Fak, ID (FKQ);Fak-Fak, ID (FKQ)
GLX;Galela, ID (GLX);Galela, ID (GLX)
GEB;Gebe Island ID (GEB);Gebe Island (GEB)
GTO;Gorontalo, ID (GTO);Gorontalo, ID (GTO)
ILA;Illaga ID (ILA);Illaga, Irian Jaya (ILA)
IUL;Ilu ID (IUL);Ilu (IUL)
INX;Inanwatan ID (INX);Inanwatan, Irian Jaya (INX)
CGK;Jakarta, ID (CGK - Soekarno-Hatta);Jakarta, ID (CGK - Soekarno-Hatta)
HLP;Jakarta, ID (HLP - Halim Perdanakusuma);Jakarta, ID (HLP - Halim Perdanakusuma)
JKT;Jakarta, ID (JKT - All Airports);Jakarta, ID (JKT - All Airports)
DJB;Jambi, ID (DJB);Jambi, ID (DJB)
DJJ;Jayapura, ID (DJJ);Jayapura, ID (DJJ)
KNG;Kaimana, ID (KNG);Kaimana, ID (KNG)
KBX;Kambuaya ID (KBX);Kambuaya (KBX)
KBF;Karubaga ID (KBF);Karubaga (KBF)
KAZ;Kau, ID (KAZ);Kau, ID (KAZ)
KEQ;Kebar ID (KEQ);Kebar (KEQ)
KEA;Keisah ID (KEA);Keisah (KEA)
LLN;Kelila ID (LLN);Kelila, Irian Jaya (LLN)
KDI;Kendari, ID (KDI);Kendari, ID (KDI)
KTG;Ketapang, ID (KTG);Ketapang, ID (KTG)
KMM;Kimam ID (KMM);Kimam, Yos Sudarso (KMM)
KOD;Kotabangun, Kota Bangun ID (KOD);Kotabangun, Kalimantan (KOD)
KNO;Kualanamu, ID (KNO);Kualanamu, ID (KNO)
KOE;Kupang, ID (KOE);Kupang, ID (KOE)
LBJ;Labuan Bajo, ID (LBJ);Labuan Bajo, ID (LBJ)
LAH;Labuha ID (LAH);Labuha, Bacan (LAH)
LUV;Langgur, ID (LUV);Langgur, ID (LUV)
LKA;Larantuka, ID (LKA);Larantuka, ID (LKA)
LHI;Lereh ID (LHI);Lereh, Irian Jaya (LHI)
LWE;Lewoleba ID (LWE);Lewoleba, Lembata (LWE)
LPU;Longapung ID (LPU);Longapung (LPU)
LBW;Longbawan ID (LBW);Longbawan (LBW)
LYK;Lunyuk ID (LYK);Lunyuk, Sumbawa (LYK)
LUW;Luwuk, ID (LUW);Luwuk, ID (LUW)
MLG;Malang, ID (MLG);Malang, ID (MLG)
MJU;Mamuju, ID (MJU);Mamuju, ID (MJU)
MDC;Manado, ID (MDC);Manado, ID (MDC)
MAL;Mangole Island ID (MAL);Mangole Island (MAL)
MKW;Manokwari, ID (MKW);Manokwari, ID (MKW)
MXB;Masamba ID (MXB);Masamba, Sulawesi (MXB)
AMI;Mataram ID (AMI);Mataram, Lombok (AMI-Selaparang)
MOF;Maumere, ID (MOF);Maumere, ID (MOF)
MES;Medan ID (MES);Medan, Sumatra (MES-Polonia)
MNA;Melanguane, ID (MNA);Melanguane, ID (MNA)
MKQ;Merauke, ID (MKQ);Merauke, ID (MKQ)
RDE;Merdey ID (RDE);Merdey (RDE)
ONI;Moanamani ID (ONI);Moanamani (ONI)
OTI;Morotai Island, ID (OTI);Morotai Island, ID (OTI)
LII;Mulia ID (LII);Mulia, Irian Jaya (LII)
MUF;Muting ID (MUF);Muting, Irian Jaya (MUF)
NBX;Nabire, ID (NBX);Nabire, ID (NBX)
NAH;Naha, ID (NAH);Naha, ID (NAH)
NAM;Namlea ID (NAM);Namlea, Buru (NAM)
NRE;Namrole, ID (NRE);Namrole, ID (NRE)
FOO;Numfoor ID (FOO);Numfoor (FOO)
NNX;Nunukan Timur ID (NNX);Nunukan (NNX)
OBD;Obano ID (OBD);Obano, Irian Jaya (OBD)
OKQ;Okaba ID (OKQ);Okaba, Irian Jaya (OKQ)
OKL;Oksibil, ID (OKL);Oksibil, ID (OKL)
PDG;Padang, ID (PDG);Padang, ID (PDG)
PKY;Palangkaraya, ID (PKY);Palangkaraya, ID (PKY)
PLM;Palembang, ID (PLM);Palembang, ID (PLM)
PLW;Palu, ID (PLW);Palu, ID (PLW)
PKN;Pangkalanbuun, ID (PKN);Pangkalanbuun, ID (PKN)
PGK;Pangkalpinang, ID (PGK);Pangkalpinang, ID (PGK)
PKU;Pekanbaru, ID (PKU);Pekanbaru, ID (PKU)
PUM;Pomalaa, ID (PUM);Pomalaa, ID (PUM)
PNK;Pontianak, ID (PNK);Pontianak, ID (PNK)
PSJ;Poso, ID (PSJ);Poso, ID (PSJ)
LOP;Praya ID (LOP);Praya ID (LOP)
PWL;Purwokerto ID (PWL);Purwokerto, Java (PWL)
PSU;Putussibau, ID (PSU);Putussibau, ID (PSU)
RAQ;Raha ID (RAQ);Raha, Muna (RAQ-Sugimanuru)
RSK;Ransiki ID (RSK);Ransiki, Irian Jaya (RSK)
RKI;Rokot ID (RKI);Rokot (RKI)
RTI;Roti, ID (RTI);Roti, ID (RTI)
RTG;Ruteng ID (RTG);Ruteng, Flores (RTG)
SRI;Samarinda, ID (SRI);Samarinda, ID (SRI)
SQN;Sanana Island ID (SQN);Sanana Island (SQN)
ZRM;Sarmi ID (ZRM);Sarmi, Irian Jaya (ZRM)
SAU;Seba ID (SAU);Seba, Sawu (SAU)
SRG;Semarang, ID (SRG);Semarang, ID (SRG)
ZRI;Serui ID (ZRI);Serui, Yapen (ZRI)
SOC;Solo City, ID (SOC);Solo City, ID (SOC)
SQR;Soroako ID (SQR);Soroako, Sulawesi (SQR)
SOQ;Sorong, ID (SOQ);Sorong, ID (SOQ)
SWQ;Sumbawa Is., ID (SWQ);Sumbawa Is., ID (SWQ)
SUB;Surabaya, ID (SUB);Surabaya, ID (SUB)
TMC;Tambolaka, ID (TMC);Tambolaka, ID (TMC)
TNB;Tanahgrogot ID (TNB);Tanahgrogot, Kalimantan (TNB)
TTR;Tanatoraja ID (TTR);Tanatoraja (TTR)
TJQ;Tanjung Pandan, ID (TJQ);Tanjung Pandan, ID (TJQ)
TNJ;Tanjung Pinang, ID (TNJ);Tanjung Pinang, ID (TNJ)
TJS;Tanjung Selor, ID (TJS);Tanjung Selor, ID (TJS)
TRK;Tarakan, ID (TRK);Tarakan, ID (TRK)
TIM;Tembagapura, ID (TIM);Tembagapura, ID (TIM)
TXM;Teminabuan ID (TXM);Teminabuan, Irian Jaya (TXM)
TTE;Ternate, ID (TTE);Ternate, ID (TTE)
TMY;Tiom ID (TMY);Tiom, Irian Jaya (TMY)
TLI;Tolitoli, ID (TLI);Tolitoli, ID (TLI)
UPG;Ujung Pandang, ID (UPG);Ujung Pandang, ID (UPG)
WET;Wagethe ID (WET);Wagethe (WET)
WGP;Waingapu, ID (WGP);Waingapu, ID (WGP)
WMX;Wamena, ID (WMX);Wamena, ID (WMX)
WAR;Waris ID (WAR);Waris, Irian Jaya (WAR)
WSR;Wasior ID (WSR);Wasior (WSR)
JOG;Yogyakarta, ID (JOG);Yogyakarta, ID (JOG)
BMI;Bloomington, IL, US (BMI);Bloomington, IL, US (BMI)
MDH;Carbondale, IL (MDH);Carbondale, IL (MDH-Southern Illinois)
CMI;Champaign, IL, US (CMI);Champaign, IL, US (CMI)
CGX;Chicago, IL (CGX);Chicago, IL (CGX-Meigs)
PWK;Chicago, IL (PWK);Chicago, IL (PWK-Palwaukee)
CHI;Chicago, IL, US (CHI - All Airports);Chicago, IL, US (CHI - All Airports)
MDW;Chicago, IL, US (MDW - Midway);Chicago, IL, US (MDW - Midway)
ORD;Chicago, IL, US (ORD - O'Hare);Chicago, IL, US (ORD - O'Hare)
DNV;Danville, IL (DNV);Danville, IL (DNV-Vermilion County)
DEC;Decatur, IL, US (DEC);Decatur, IL, US (DEC)
GBG;Galesburg, IL (GBG);Galesburg, IL (GBG)
IJX;Jacksonville, IL (IJX);Jacksonville, IL (IJX-Jacksonville)
IKK;Kankakee, IL (IKK);Kankakee, IL (IKK)
LWV;Lawrenceville, IL (LWV);Lawrenceville, IL (LWV-Lawrenceville Vincennes Intl.)
MQB;Macomb, IL (MQB);Macomb, IL (MQB)
MWA;Marion, IL, US (MWA);Marion, IL, US (MWA)
MTO;Mattoon, IL (MTO);Mattoon, IL (MTO-Coles County Memorial)
MLI;Moline, IL, US (MLI);Moline, IL, US (MLI)
MVN;Mount Vernon, IL (MVN);Mount Vernon, IL (MVN-Mount Vernon-Outland)
PIA;Peoria, IL, US (PIA);Peoria, IL, US (PIA)
VYS;Peru, IL (VYS);Peru, IL (VYS-Illinois Valley Regional)
UIN;Quincy, IL, US (UIN);Quincy, IL, US (UIN)
ZRF;Rockford, IL (ZRF);Rockford, IL (ZRF-Bus Station)
RFD;Rockford, IL, US (RFD);Rockford, IL, US (RFD)
SPI;Springfield, IL, US (SPI);Springfield, IL, US (SPI)
SQI;Sterling, IL (SQI);Sterling, IL (SQI-Whiteside County)
DPA;West Chicago, IL (DPA);West Chicago, IL (DPA-Dupage County)
IXA;Agartala, IN (IXA);Agartala, IN (IXA)
AGX;Agatti Island, IN (AGX);Agatti Island, IN (AGX)
AGR;Agra, IN (AGR);Agra, IN (AGR)
AMD;Ahmedabad, IN (AMD);Ahmedabad, IN (AMD)
AJL;Aizawl, IN (AJL);Aizawl, IN (AJL)
IXD;Allahabad, IN (IXD);Allahabad, IN (IXD)
IXV;Along IN (IXV);Along (IXV)
ATQ;Amritsar, IN (ATQ);Amritsar, IN (ATQ)
IXU;Aurangabad, IN (IXU);Aurangabad, IN (IXU)
IXB;Bagdogra, IN (IXB);Bagdogra, IN (IXB)
RGH;Balurghat IN (RGH);Balurghat (RGH)
BLR;Bangalore, IN (BLR);Bangalore, IN (BLR)
IXG;Belgaum IN (IXG);Belgaum (IXG-Sambre)
BEP;Bellary IN (BEP);Bellary (BEP)
BUP;Bhatinda IN (BUP);Bhatinda (BUP)
BHU;Bhavnagar, IN (BHU);Bhavnagar, IN (BHU)
BHO;Bhopal, IN (BHO);Bhopal, IN (BHO)
BBI;Bhubaneswar, IN (BBI);Bhubaneswar, IN (BBI)
BHJ;Bhuj, IN (BHJ);Bhuj, IN (BHJ)
BKB;Bikaner IN (BKB);Bikaner (BKB)
PAB;Bilaspur IN (PAB);Bilaspur (PAB)
IXC;Chandigarh, IN (IXC);Chandigarh, IN (IXC)
MAA;Chennai, IN (MAA);Chennai, IN (MAA)
COK;Cochin, IN (COK);Cochin, IN (COK)
CJB;Coimbatore, IN (CJB);Coimbatore, IN (CJB)
CDP;Cuddapah IN (CDP);Cuddapah (CDP)
NMB;Daman IN (NMB);Daman (NMB)
DED;Dehradun, IN (DED);Dehradun, IN (DED)
DEL;Delhi, IN (DEL);Delhi, IN (DEL)
DBD;Dhanbad IN (DBD);Dhanbad (DBD)
DIB;Dibrugarh, IN (DIB);Dibrugarh, IN (DIB)
DMU;Dimapur, IN (DMU);Dimapur, IN (DMU)
DIU;Diu, IN (DIU);Diu, IN (DIU)
GAY;Gaya IN (GAY);Gaya (GAY)
GOI;Goa, IN (GOI);Goa, IN (GOI)
GOP;Gorakhpur IN (GOP);Gorakhpur (GOP)
GUX;Guna IN (GUX);Guna (GUX)
GAU;Guwahati, IN (GAU);Guwahati, IN (GAU)
GWL;Gwalior, IN (GWL);Gwalior, IN (GWL)
HBX;Hubli, IN (HBX);Hubli, IN (HBX)
HYD;Hyderabad, IN (HYD);Hyderabad, IN (HYD)
IMF;Imphal, IN (IMF);Imphal, IN (IMF)
IDR;Indore, IN (IDR);Indore, IN (IDR)
JLR;Jabalpur, IN (JLR);Jabalpur, IN (JLR)
JGB;Jagdalpur IN (JGB);Jagdalpur (JGB)
JAI;Jaipur, IN (JAI);Jaipur, IN (JAI)
JSA;Jaisalmer IN (JSA);Jaisalmer (JSA)
IXJ;Jammu, IN (IXJ);Jammu, IN (IXJ)
JGA;Jamnagar, IN (JGA);Jamnagar, IN (JGA)
IXW;Jamshedpur IN (IXW);Jamshedpur (IXW-Sonari)
PYB;Jeypore IN (PYB);Jeypore (PYB)
JDH;Jodhpur, IN (JDH);Jodhpur, IN (JDH)
JRH;Jorhat, IN (JRH);Jorhat, IN (JRH)
IXH;Kailashahar IN (IXH);Kailashahar (IXH)
CBD;Kakana IN (CBD);Kakana, Nicobar Islands (CBD)
IXQ;Kamalpur IN (IXQ);Kamalpur (IXQ)
IXY;Kandla IN (IXY);Kandla (IXY)
KNU;Kanpur, IN (KNU);Kanpur, IN (KNU)
IXK;Keshod IN (IXK);Keshod (IXK)
HJR;Khajuraho, IN (HJR);Khajuraho, IN (HJR)
CCU;Kolkata, IN (CCU);Kolkata, IN (CCU)
KTU;Kota IN (KTU);Kota (KTU)
CCJ;Kozhikode, IN (CCJ);Kozhikode, IN (CCJ)
KUU;Kulu, IN (KUU);Kulu, IN (KUU)
IXL;Leh, IN (IXL);Leh, IN (IXL)
LKO;Lucknow, IN (LKO);Lucknow, IN (LKO)
LUH;Ludhiana, IN (LUH);Ludhiana, IN (LUH)
IXM;Madurai, IN (IXM);Madurai, IN (IXM)
IXE;Mangalore, IN (IXE);Mangalore, IN (IXE)
BOM;Mumbai, IN (BOM);Mumbai, IN (BOM)
MYQ;Mysore IN (MYQ);Mysore (MYQ)
NAG;Nagpur, IN (NAG);Nagpur, IN (NAG)
NDC;Nanded IN (NDC);Nanded (NDC)
ISK;Nasik IN (ISK);Nasik (ISK)
NVY;Neyveli IN (NVY);Neyveli (NVY)
PGH;Pantnagar IN (PGH);Pantnagar (PGH)
PAT;Patna, IN (PAT);Patna, IN (PAT)
PBD;Porbandar, IN (PBD);Porbandar, IN (PBD)
IXZ;Port Blair, IN (IXZ);Port Blair, IN (IXZ)
PNQ;Pune, IN (PNQ);Pune, IN (PNQ)
BEK;Rae Bareli IN (BEK);Rae Bareli (BEK)
RPR;Raipur, IN (RPR);Raipur, IN (RPR)
RJA;Rajahmundry, IN (RJA);Rajahmundry, IN (RJA)
RAJ;Rajkot, IN (RAJ);Rajkot, IN (RAJ)
RMD;Ramagundam IN (RMD);Ramagundam (RMD)
IXR;Ranchi, IN (IXR);Ranchi, IN (IXR)
RTC;Ratnagiri IN (RTC);Ratnagiri (RTC)
REW;Rewa IN (REW);Rewa (REW)
RRK;Rourkela IN (RRK);Rourkela (RRK)
RUP;Rupsi IN (RUP);Rupsi (RUP)
SXV;Salem IN (SXV);Salem (SXV)
SHL;Shillong, IN (SHL);Shillong, IN (SHL)
IXS;Silchar, IN (IXS);Silchar, IN (IXS)
SLV;Simla IN (SLV);Simla (SLV)
SXR;Srinagar, IN (SXR);Srinagar, IN (SXR)
STV;Surat, IN (STV);Surat, IN (STV)
TEZ;Tezpur IN (TEZ);Tezpur (TEZ-Salonbari)
TJV;Thanjavur IN (TJV);Thanjavur (TJV)
TRZ;Tiruchirapally, IN (TRZ);Tiruchirapally, IN (TRZ)
TIR;Tirupati, IN (TIR);Tirupati, IN (TIR)
TRV;Trivandrum, IN (TRV);Trivandrum, IN (TRV)
UDR;Udaipur, IN (UDR);Udaipur, IN (UDR)
BDQ;Vadodara, IN (BDQ);Vadodara, IN (BDQ)
VNS;Varanasi, IN (VNS);Varanasi, IN (VNS)
VGA;Vijayawada, IN (VGA);Vijayawada, IN (VGA)
VTZ;Vishakhapatnam, IN (VTZ);Vishakhapatnam, IN (VTZ)
WGC;Warrangal IN (WGC);Warrangal (WGC)
DDC;Dodge City, KS, US (DDC);Dodge City, KS, US (DDC)
EMP;Emporia, KS (EMP);Emporia, KS (EMP)
GCK;Garden City, KS, US (GCK);Garden City, KS, US (GCK)
GLD;Goodland, KS (GLD);Goodland, KS (GLD-Renner Field)
GBD;Great Bend, KS, US (GBD);Great Bend, KS, US (GBD)
HYS;Hays, KS, US (HYS);Hays, KS, US (HYS)
HUT;Hutchinson, KS (HUT);Hutchinson, KS (HUT)
JCI;Kansas City, KS (JCI);Kansas City, KS (JCI-Johnson County Industrial)
OJC;Kansas City, KS (OJC);Kansas City, KS (OJC-Johnson County Executive)
KCK;Kansas City, KS, US (KCK);Kansas City, KS, US (KCK)
LWC;Lawrence, KS (LWC);Lawrence, KS (LWC)
LBL;Liberal, KS, US (LBL);Liberal, KS, US (LBL)
MHK;Manhattan, KS, US (MHK);Manhattan, KS, US (MHK)
PPF;Parsons, KS (PPF);Parsons, KS (PPF-Tri-City)
SLN;Salina, KS, US (SLN);Salina, KS, US (SLN)
FOE;Topeka, KS (FOE - Topeka Regional);Topeka, KS (FOE - Topeka Regional)
TOP;Topeka, KS (TOP - Philip Billard);Topeka, KS (TOP - Philip Billard)
ICT;Wichita, KS, US (ICT);Wichita, KS, US (ICT)
BWG;Bowling Green, KY (BWG);Bowling Green, KY (BWG)
EKX;Elizabethtown, KY (EKX);Elizabethtown, KY (EKX)
FFT;Frankfort, KY (FFT);Frankfort, KY (FFT-Capitol City)
LEX;Lexington, KY, US (LEX);Lexington, KY, US (LEX)
LOZ;London, KY (LOZ);London, KY (LOZ-Corbin-London)
SDF;Louisville, KY, US (SDF);Louisville, KY, US (SDF)
CEY;Murray, KY (CEY);Murray, KY (CEY-Murray Calloway County)
OWB;Owensboro, KY, US (OWB);Owensboro, KY, US (OWB)
PAH;Paducah, KY, US (PAH);Paducah, KY, US (PAH)
HOE;Houeisay LA (HOE);Houeisay (HOE)
LXG;Luang Namtha, LA (LXG);Luang Namtha, LA (LXG)
LPQ;Luang Prabang, LA (LPQ);Luang Prabang, LA (LPQ)
ODY;Oudomxay, LA (ODY);Oudomxay, LA (ODY)
PKZ;Pakse, LA (PKZ);Pakse, LA (PKZ)
VNA;Saravane, Saravan LA (VNA);Saravane (VNA)
ZVK;Savannakhet, LA (ZVK);Savannakhet, LA (ZVK)
ZBY;Sayaboury, Muang Xaignabouri LA (ZBY);Sayaboury (ZBY)
THK;Thakhek, Muang Khammouan LA (THK);Thakhek (THK)
VTE;Vientiane, LA (VTE);Vientiane, LA (VTE)
XKH;Xieng Khouang, LA (XKH);Xieng Khouang, LA (XKH)
BED;Bedford, MA (BED);Bedford, MA (BED-L. G. Hanscom Field)
BVY;Beverly, MA (BVY);Beverly, MA (BVY)
ZTO;Boston, MA (BOS);Boston-South Rail Station, Boston MA (ZTO)
JBC;Boston, MA (JBC);Boston, MA (JBC-Boston City)
BOS;Boston, MA, US (BOS);Boston, MA, US (BOS)
BXC;Boxborough, MA (BXC);Boxborough, MA (BXC)
BBF;Burlington, MA (BBF);Burlington, MA (BBF-Burlington)
JHY;Cambridge, MA (JHY);Cambridge, MA (JHY-Hyatt Regency-Heliport)
HYA;Hyannis, MA, US (HYA);Hyannis, MA, US (HYA)
LWM;Lawrence, MA (LWM);Lawrence, MA (LWM)
MXG;Marlborough, MA (MXG);Marlborough, MA (MXG)
MVY;Martha's Vineyard, MA, US (MVY);Martha's Vineyard, MA, US (MVY)
ACK;Nantucket, MA, US (ACK);Nantucket, MA, US (ACK)
EWB;New Bedford, MA, US (EWB);New Bedford, MA, US (EWB)
OWD;Norwood, MA (OWD);Norwood, MA (OWD-Memorial)
PSF;Pittsfield, MA (PSF);Pittsfield, MA (PSF)
PYM;Plymouth, MA (PYM);Plymouth, MA (PYM)
PVC;Provincetown, MA, US (PVC);Provincetown, MA, US (PVC)
MQI;Quincy, MA (MQI);Quincy, MA (MQI)
CEF;Springfield, MA (CEF);Springfield, MA (CEF-Westover Metropolitan)
MMN;Stow, MA (MMN);Stow, MA (MMN-Minuteman Field)
WLM;Waltham, MA (WLM);Waltham, MA (WLM-Prospect Hill)
BAF;Westfield, MA (BAF);Westfield, MA (BAF-Barnes Municipal)
WBN;Woburn, MA (WBN);Woburn, MA (WBN)
ORH;Worcester, MA, US (ORH);Worcester, MA, US (ORH)
GBO;Baltimore, MD (GBO);Baltimore, MD (GBO-Greenbelt Terminal)
MTN;Baltimore, MD (MTN);Baltimore, MD (MTN-Glenn L. Martin)
BWI;Baltimore, MD, US (BWI);Baltimore, MD, US (BWI)
CBE;Cumberland, MD (CBE);Cumberland, MD (CBE-Wiley Ford)
ESN;Easton, MD (ESN);Easton, MD (ESN)
FDK;Frederick, MD (FDK);Frederick, MD (FDK)
GAI;Gaithersburg, MD (GAI);Gaithersburg, MD (GAI-Montgomery Co.)
HGR;Hagerstown, MD, US (HGR);Hagerstown, MD, US (HGR)
ODM;Oakland, MD (ODM);Oakland, MD (ODM-Garrett County)
OCE;Ocean City, MD (OCE);Ocean City, MD (OCE)
LTW;Patuxent, MD (LTW);Patuxent, MD (LTW-St. Marys County)
SBY;Salisbury, MD, US (SBY);Salisbury, MD, US (SBY)
AUG;Augusta, ME, US (AUG);Augusta, ME, US (AUG)
BGR;Bangor, ME, US (BGR);Bangor, ME, US (BGR)
BHB;Bar Harbor, ME, US (BHB);Bar Harbor, ME, US (BHB)
WFK;Frenchville, ME (WFK);Frenchville, ME (WFK)
FRY;Fryeburg, ME (FRY);Fryeburg, ME (FRY-Eastern Slopes Regional)
HUL;Houlton, ME (HUL);Houlton, ME (HUL)
LEW;Lewiston, ME (LEW);Lewiston, ME (LEW-Auburn)
PWM;Portland, ME, US (PWM);Portland, ME, US (PWM)
PQI;Presque Isle, ME, US (PQI);Presque Isle, ME, US (PQI)
RKD;Rockland, ME, US (RKD);Rockland, ME, US (RKD)
WVL;Waterville, ME (WVL);Waterville, ME (WVL-Robert Lafleur)
APN;Alpena, MI, US (APN);Alpena, MI, US (APN)
ARB;Ann Arbor, MI, US (ARB);Ann Arbor, MI, US (ARB)
BTL;Battle Creek, MI (BTL);Battle Creek, MI (BTL-Kellogg Field)
BEH;Benton Harbor, MI (BEH);Benton Harbor, MI (BEH-Ross Field)
WBR;Big Rapids, MI (WBR);Big Rapids, MI (WBR-Roben-Hood)
CAD;Cadillac, MI (CAD);Cadillac, MI (CAD-County)
DEO;Dearborn, MI (DEO);Dearborn, MI (DEO)
DET;Detroit, MI (DET);Detroit, MI (DET-City)
DTT;Detroit, MI (DTT-All Airports);Detroit, MI (DTT-All Airports)
YIP;Detroit, MI (YIP);Detroit, MI (YIP-Willow Run)
DTW;Detroit, MI, US (DTW);Detroit, MI, US (DTW)
DRE;Drummond, MI (DRE);Drummond, MI (DRE)
ECA;East Tawas, MI (ECA);East Tawas, MI (ECA)
ESC;Escanaba, MI, US (ESC);Escanaba, MI, US (ESC)
FNT;Flint, MI, US (FNT);Flint, MI, US (FNT)
GLR;Gaylord, MI (GLR);Gaylord, MI (GLR-Otsego County)
GRR;Grand Rapids, MI, US (GRR);Grand Rapids, MI, US (GRR)
CMX;Hancock, MI, US (CMX);Hancock, MI, US (CMX)
IMT;Iron Mountain, MI, US (IMT);Iron Mountain, MI, US (IMT)
IWD;Ironwood, MI, US (IWD);Ironwood, MI, US (IWD)
JXN;Jackson, MI (JXN);Jackson, MI (JXN-Reynolds Municipal)
AZO;Kalamazoo, MI, US (AZO);Kalamazoo, MI, US (AZO)
LAN;Lansing, MI, US (LAN);Lansing, MI, US (LAN)
MCD;Mackinac Island, MI (MCD);Mackinac Island, MI (MCD)
MBL;Manistee, MI, US (MBL);Manistee, MI, US (MBL)
MQT;Marquette, MI, US (MQT);Marquette, MI, US (MQT)
MNM;Menominee, MI (MNM);Menominee, MI (MNM-Menominee County)
MKG;Muskegon, MI, US (MKG);Muskegon, MI, US (MKG)
NLE;Niles, MI (NLE);Niles, MI (NLE-Jerry Tyler Memorial)
PLN;Pellston, MI, US (PLN);Pellston, MI, US (PLN)
PTK;Pontiac, MI (PTK);Pontiac, MI (PTK)
MBS;Saginaw, MI, US (MBS);Saginaw, MI, US (MBS)
SSM;Sault Ste. Marie, MI (SSM);Sault Ste. Marie, MI (SSM-County)
CIU;Sault Ste. Marie, MI, US (CIU);Sault Ste. Marie, MI, US (CIU)
IRS;Sturgis, MI (IRS);Sturgis, MI (IRS-Kirsch Municipal)
TVC;Traverse City, MI, US (TVC);Traverse City, MI, US (TVC)
AXN;Alexandria, MN (AXN);Alexandria, MN (AXN)
BJI;Bemidji, MN, US (BJI);Bemidji, MN, US (BJI)
BRD;Brainerd, MN, US (BRD);Brainerd, MN, US (BRD)
DTL;Detroit Lakes, MN (DTL);Detroit Lakes, MN (DTL)
SUW;Duluth, MN (SUW);Duluth, MN (SUW-Superior Bong)
DLH;Duluth, MN, US (DLH);Duluth, MN, US (DLH)
LYU;Ely, MN (LYU);Ely, MN (LYU)
EVM;Eveleth, MN (EVM);Eveleth, MN (EVM-Eveleth-Virginia)
FRM;Fairmont, MN (FRM);Fairmont, MN (FRM-Fairmont)
FFM;Fergus Falls, MN (FFM);Fergus Falls, MN (FFM-Fergus Falls Municipal)
GPZ;Grand Rapids, MN (GPZ);Grand Rapids, MN (GPZ)
HIB;Hibbing, MN, US (HIB);Hibbing, MN, US (HIB)
INL;Intl Falls, MN, US (INL);Intl Falls, MN, US (INL)
MKT;Mankato, MN (MKT);Mankato, MN (MKT-Mankato)
MML;Marshall, MN (MML);Marshall, MN (MML-Municipal-Ryan Field)
MSP;Minneapolis/St. Paul, MN, US (MSP);Minneapolis/St. Paul, MN, US (MSP)
ULM;New Ulm, MN (ULM);New Ulm, MN (ULM)
RWF;Redwood Falls, MN (RWF);Redwood Falls, MN (RWF)
RST;Rochester, MN, US (RST);Rochester, MN, US (RST)
STC;St. Cloud, MN, US (STC);St. Cloud, MN, US (STC)
STP;St. Paul, MN (STP);St. Paul, MN (STP-St. Paul Dwtn.)
TVF;Thief River Falls, MN, US (TVF);Thief River Falls, MN, US (TVF)
RRT;Warroad, MN (RRT);Warroad, MN (RRT-Warroad Intl.-Swede Carlson)
OTG;Worthington, MN (OTG);Worthington, MN (OTG-Worthington Municipal)
PLK;Branson, MO (PLK);Branson, MO (PLK-M Graham Clark)
CGI;Cape Girardeau, MO, US (CGI);Cape Girardeau, MO, US (CGI)
COU;Columbia, MO, US (COU);Columbia, MO, US (COU)
TBN;Ft. Leonard Wood, MO, US (TBN);Ft. Leonard Wood, MO, US (TBN)
JEF;Jefferson City, MO (JEF);Jefferson City, MO (JEF-Jefferson City)
JLN;Joplin, MO, US (JLN);Joplin, MO, US (JLN)
LUP;Kalaupapa, HI, US (LUP);Kalaupapa, HI, US (LUP)
MKC;Kansas City, MO (MKC);Kansas City, MO (MKC-Kansas City)
MCI;Kansas City, MO, US (MCI);Kansas City, MO, US (MCI)
IRK;Kirksville, MO, US (IRK);Kirksville, MO, US (IRK)
AIZ;Lake Of The Ozarks, MO (AIZ);Lake Of The Ozarks, MO (AIZ-Lee C. Fine)
MAW;Malden, MO (MAW);Malden, MO (MAW)
OSB;Osage Beach, MO (OSB);Osage Beach, MO (OSB-Linn Creek-Grand Glaize Mem.)
POF;Poplar Bluff, MO (POF);Poplar Bluff, MO (POF)
RLA;Rolla, MO (RLA);Rolla, MO (RLA-National)
DMO;Sedalia, MO (DMO);Sedalia, MO (DMO)
SIK;Sikeston, MO (SIK);Sikeston, MO (SIK-Memorial Municipal)
SGF;Springfield, MO, US (SGF);Springfield, MO, US (SGF)
CPS;St. Louis, MO (CPS);St. Louis, MO (CPS-East St. Louis Bi-State Parks)
SUS;St. Louis, MO (SUS);St. Louis, MO (SUS-Spirit of St. Louis)
STL;St. Louis, MO, US (STL);St. Louis, MO, US (STL)
ROP;Rota, MP, US (ROP);Rota, MP, US (ROP)
SPN;Saipan, MP, US (SPN);Saipan, MP, US (SPN)
TIQ;Tinian MP (TIQ);Tinian (TIQ)
GTR;Columbus, MS, US (GTR);Columbus, MS, US (GTR)
CRX;Corinth, MS (CRX);Corinth, MS (CRX-Roscoe Turner Field)
GLH;Greenville, MS, US (GLH);Greenville, MS, US (GLH)
GWO;Greenwood, MS (GWO);Greenwood, MS (GWO-Leflore)
GPT;Gulfport, MS, US (GPT);Gulfport, MS, US (GPT)
JAN;Jackson, MS, US (JAN);Jackson, MS, US (JAN)
PIB;Laurel, MS, US (PIB);Laurel, MS, US (PIB)
MEI;Meridian, MS, US (MEI);Meridian, MS, US (MEI)
HEZ;Natchez, MS (HEZ);Natchez, MS (HEZ-Hardy Anders Field)
TUP;Tupelo, MS, US (TUP);Tupelo, MS, US (TUP)
UOX;University, MS, US (UOX);University, MS, US (UOX)
BIL;Billings, MT, US (BIL);Billings, MT, US (BIL)
BZN;Bozeman, MT, US (BZN);Bozeman, MT, US (BZN)
BTM;Butte, MT, US (BTM);Butte, MT, US (BTM)
GGW;Glasgow, MT, US (GGW);Glasgow, MT, US (GGW)
GDV;Glendive, MT, US (GDV);Glendive, MT, US (GDV)
GTF;Great Falls, MT, US (GTF);Great Falls, MT, US (GTF)
HVR;Havre, MT, US (HVR);Havre, MT, US (HVR)
HLN;Helena, MT, US (HLN);Helena, MT, US (HLN)
FCA;Kalispell, MT, US (FCA);Kalispell, MT, US (FCA)
LWT;Lewistown, MT (LWT);Lewistown, MT (LWT)
MLS;Miles City, MT (MLS);Miles City, MT (MLS)
MSO;Missoula, MT, US (MSO);Missoula, MT, US (MSO)
SDY;Sidney, MT, US (SDY);Sidney, MT, US (SDY)
WYS;West Yellowstone, MT, US (WYS);West Yellowstone, MT, US (WYS)
OLF;Wolf Point, MT, US (OLF);Wolf Point, MT, US (OLF)
AVL;Asheville, NC, US (AVL);Asheville, NC, US (AVL)
CLT;Charlotte, NC, US (CLT);Charlotte, NC, US (CLT)
DUF;Duck, NC (DUF);Duck, NC (DUF-Pine Island)
ECG;Elizabeth City, NC (ECG);Elizabeth City, NC (ECG)
FAY;Fayetteville, NC, US (FAY);Fayetteville, NC, US (FAY)
GSO;Greensboro, NC, US (GSO);Greensboro, NC, US (GSO)
PGV;Greenville, NC, US (PGV);Greenville, NC, US (PGV)
HNC;Hatteras, NC (HNC);Hatteras, NC (HNC)
HKY;Hickory, NC (HKY);Hickory, NC (HKY-Hickory Regional)
OAJ;Jacksonville, NC, US (OAJ);Jacksonville, NC, US (OAJ)
ISO;Kinston, NC (ISO);Kinston, NC (ISO-East. Reg. Jetport-Stallings)
LBT;Lumberton, NC (LBT);Lumberton, NC (LBT)
MEO;Manteo, NC (MEO);Manteo, NC (MEO-Dare County Regional)
EWN;New Bern, NC, US (EWN);New Bern, NC, US (EWN)
SOP;Pinehurst, NC (SOP);Pinehurst, NC (SOP)
RDU;Raleigh/Durham, NC, US (RDU);Raleigh/Durham, NC, US (RDU)
RZZ;Roanoke Rapids, NC (RZZ);Roanoke Rapids, NC (RZZ-Halifax County)
RWI;Rocky Mount, NC (RWI);Rocky Mount, NC (RWI-Rocky Mount-Wilson)
OCW;Washington, NC (OCW);Washington, NC (OCW-Warren Field)
ILM;Wilmington, NC, US (ILM);Wilmington, NC, US (ILM)
INT;Winston Salem, NC, US (INT);Winston Salem, NC, US (INT)
BIS;Bismarck, ND, US (BIS);Bismarck, ND, US (BIS)
BWM;Bowman, ND (BWM);Bowman, ND (BWM)
DVL;Devils Lake, ND, US (DVL);Devils Lake, ND, US (DVL)
DIK;Dickinson, ND, US (DIK);Dickinson, ND, US (DIK)
FAR;Fargo, ND, US (FAR);Fargo, ND, US (FAR)
GFK;Grand Forks, ND, US (GFK);Grand Forks, ND, US (GFK)
JMS;Jamestown, ND, US (JMS);Jamestown, ND, US (JMS)
MOT;Minot, ND, US (MOT);Minot, ND, US (MOT)
ISN;Williston, ND, US (ISN);Williston, ND, US (ISN)
AIA;Alliance, NE, US (AIA);Alliance, NE, US (AIA)
BIE;Beatrice, NE (BIE);Beatrice, NE (BIE-Beatrice Municipal)
CDR;Chadron, NE, US (CDR);Chadron, NE, US (CDR)
OLU;Columbus, NE (OLU);Columbus, NE (OLU-Columbus)
GRI;Grand Island, NE, US (GRI);Grand Island, NE, US (GRI)
HSI;Hastings, NE (HSI);Hastings, NE (HSI)
EAR;Kearney, NE, US (EAR);Kearney, NE, US (EAR)
LXN;Lexington, NE (LXN);Lexington, NE (LXN-Lexington)
LNK;Lincoln, NE, US (LNK);Lincoln, NE, US (LNK)
MCK;McCook, NE, US (MCK);McCook, NE, US (MCK)
OFK;Norfolk, NE (OFK);Norfolk, NE (OFK-Karl Stefan Field)
LBF;North Platte, NE, US (LBF);North Platte, NE, US (LBF)
OGA;Ogallala, NE (OGA);Ogallala, NE (OGA-Searle Field)
MIQ;Omaha, NE (MIQ);Omaha, NE (MIQ-Millard)
OMA;Omaha, NE, US (OMA);Omaha, NE, US (OMA)
BFF;Scottsbluff, NE, US (BFF);Scottsbluff, NE, US (BFF)
SNY;Sidney, NE (SNY);Sidney, NE (SNY)
BML;Berlin, NH (BML);Berlin, NH (BML)
CON;Concord, NH (CON);Concord, NH (CON)
LCI;Laconia, NH (LCI);Laconia, NH (LCI)
LEB;Lebanon, NH, US (LEB);Lebanon, NH, US (LEB)
MHT;Manchester, NH, US (MHT);Manchester, NH, US (MHT)
ASH;Nashua, NH (ASH);Nashua, NH (ASH-Boire Field)
PSM;Portsmouth, NH, US (PSM);Portsmouth, NH, US (PSM)
ARX;Asbury Park, NJ (ARX);Asbury Park, NJ (ARX-Allaire)
AIY;Atlantic City, NJ (AIY);Atlantic City, NJ (AIY-Bader Field)
JSL;Atlantic City, NJ (JSL);Atlantic City, NJ (JSL-Steel Pier)
ZRA;Atlantic City, NJ (ZRA);Atlantic City, NJ (ZRA-Rr Station)
ACY;Atlantic City, NJ, US (ACY);Atlantic City, NJ, US (ACY)
BLM;Belmar, NJ (BLM);Belmar, NJ (BLM-Monmouth)
WWD;Cape May, NJ (WWD);Cape May, NJ (WWD-Cape May County)
MIV;Millville, NJ (MIV);Millville, NJ (MIV)
MMU;Morristown, NJ, US (MMU);Morristown, NJ, US (MMU)
LLY;Mount Holly, NJ (LLY);Mount Holly, NJ (LLY-Burlington County)
EWR;New York/Newark, NJ, US (EWR - Liberty);New York/Newark, NJ, US (EWR - Liberty)
PCT;Princeton, NJ (PCT);Princeton, NJ (PCT)
TEB;Teterboro, NJ (TEB);Teterboro, NJ (TEB)
TTN;Trenton-Mercer, NJ, US (TTN);Trenton-Mercer, NJ, US (TTN)
ALM;Alamogordo, NM (ALM);Alamogordo, NM (ALM-Alamogordo-White Sands Regional)
ABQ;Albuquerque, NM, US (ABQ);Albuquerque, NM, US (ABQ)
AXX;Angel Fire, NM (AXX);Angel Fire, NM (AXX)
ATS;Artesia, NM (ATS);Artesia, NM (ATS)
CNM;Carlsbad, NM, US (CNM);Carlsbad, NM, US (CNM)
CVN;Clovis, NM, US (CVN);Clovis, NM, US (CVN)
FMN;Farmington, NM, US (FMN);Farmington, NM, US (FMN)
GUP;Gallup, NM (GUP);Gallup, NM (GUP-Senator Clark)
HOB;Hobbs, NM, US (HOB);Hobbs, NM, US (HOB)
LRU;Las Cruces, NM (LRU);Las Cruces, NM (LRU-Las Cruces-Crawford)
LAM;Los Alamos, NM (LAM);Los Alamos, NM (LAM)
ROW;Roswell, NM, US (ROW);Roswell, NM, US (ROW)
RUI;Ruidoso, NM (RUI);Ruidoso, NM (RUI)
ZSH;Santa Fe, NM (ZSH);Santa Fe, NM (ZSH-Bus Station)
SAF;Santa Fe, NM, US (SAF);Santa Fe, NM, US (SAF)
SVC;Silver City, NM, US (SVC);Silver City, NM, US (SVC)
TSM;Taos, NM (TSM);Taos, NM (TSM)
ASQ;Austin, NV (ASQ);Austin, NV (ASQ-Austin)
BAM;Battle Mountain, NV (BAM);Battle Mountain, NV (BAM-Lander County)
CSN;Carson City, NV (CSN);Carson City, NV (CSN)
EKO;Elko, NV, US (EKO);Elko, NV, US (EKO)
ELY;Ely, NV (ELY);Ely, NV (ELY-Yelland Field)
EUE;Eureka, NV (EUE);Eureka, NV (EUE)
FLX;Fallon, NV (FLX);Fallon, NV (FLX-Fallon Municipal)
HTH;Hawthorne, NV (HTH);Hawthorne, NV (HTH)
KPT;Jackpot, NV (KPT);Jackpot, NV (KPT)
HSH;Las Vegas, NV (HSH);Las Vegas, NV (HSH-Henderson Sky Harbor)
VGT;Las Vegas, NV (VGT);Las Vegas, NV (VGT-North Las Vegas)
LAS;Las Vegas, NV, US (LAS);Las Vegas, NV, US (LAS)
LTH;Lathrop Wells, NV (LTH);Lathrop Wells, NV (LTH)
LOL;Lovelock, NV (LOL);Lovelock, NV (LOL-Derby Field)
MEV;Minden, NV (MEV);Minden, NV (MEV-Douglas County)
RNO;Reno, NV, US (RNO);Reno, NV, US (RNO)
TPH;Tonopah, NV (TPH);Tonopah, NV (TPH)
LWL;Wells, NV (LWL);Wells, NV (LWL-Harriet Field)
WMC;Winnemucca, NV (WMC);Winnemucca, NV (WMC)
EYR;Yerington, NV (EYR);Yerington, NV (EYR)
ALB;Albany, NY, US (ALB);Albany, NY, US (ALB)
AXB;Alexandria Bay, NY (AXB);Alexandria Bay, NY (AXB)
BGM;Binghamton, NY, US (BGM);Binghamton, NY, US (BGM)
BUF;Buffalo, NY, US (BUF);Buffalo, NY, US (BUF)
ELM;Elmira, NY, US (ELM);Elmira, NY, US (ELM)
FRG;Farmingdale, NY (FRG);Farmingdale, NY (FRG-Republic)
FID;Fishers Island, NY (FID);Fishers Island, NY (FID-Elizabeth)
GFL;Glens Falls, NY (GFL);Glens Falls, NY (GFL-Warren County)
ITH;Ithaca, NY, US (ITH);Ithaca, NY, US (ITH)
JHW;Jamestown, NY, US (JHW);Jamestown, NY, US (JHW)
ISP;Long Island Macarthur, NY, US (ISP);Long Island Macarthur, NY, US (ISP)
MSS;Massena, NY, US (MSS);Massena, NY, US (MSS)
MGJ;Montgomery, NY (MGJ);Montgomery, NY (MGJ-County)
MSV;Monticello, NY (MSV);Monticello, NY (MSV-Sullivan Co. Intl.)
JRA;New York, NY (JRA);New York, NY (JRA-W. 30Th St.)
JRB;New York, NY (JRB - Downtown Manhattan Heliport);New York, NY (JRB - Downtown Manhattan Heliport)
JRE;New York, NY (JRE);New York, NY (JRE-E. 60Th St.)
JWS;New York, NY (JWS);New York, NY (JWS-Wall St.)
TSS;New York, NY (TSS - East 34th St. Heliport);New York, NY (TSS - East 34th St. Heliport)
ZYP;New York, NY (ZYP-Penn Station);New York, NY (ZYP-Penn Station)
JFK;New York, NY, US (JFK - Kennedy);New York, NY, US (JFK - Kennedy)
LGA;New York, NY, US (LGA - LaGuardia);New York, NY, US (LGA - LaGuardia)
NYC;New York, NY, US (NYC - All Airports);New York, NY, US (NYC - All Airports)
SWF;Newburgh, NY, US (SWF);Newburgh, NY, US (SWF)
IAG;Niagara Falls, NY, US (IAG);Niagara Falls, NY, US (IAG)
OGS;Ogdensburg, NY, US (OGS);Ogdensburg, NY, US (OGS)
ONH;Oneonta, NY (ONH);Oneonta, NY (ONH)
PBG;Plattsburgh, NY (PBG);Plattsburgh, NY (PBG)
PLB;Plattsburgh, NY (PLB);Plattsburgh, NY (PLB)
POU;Poughkeepsie, NY (POU);Poughkeepsie, NY (POU-Dutchess County)
ROC;Rochester, NY, US (ROC);Rochester, NY, US (ROC)
RSX;Rouses Point, NY (RSX);Rouses Point, NY (RSX)
SLK;Saranac Lake, NY, US (SLK);Saranac Lake, NY, US (SLK)
SCH;Schenectady, NY (SCH);Schenectady, NY (SCH-County)
SXY;Sidney, NY (SXY);Sidney, NY (SXY)
SYR;Syracuse, NY, US (SYR);Syracuse, NY, US (SYR)
UCA;Utica, NY (UCA);Utica, NY (UCA)
ART;Watertown, NY, US (ART);Watertown, NY, US (ART)
HPN;White Plains, NY, US (HPN);White Plains, NY, US (HPN)
CAK;Akron/Canton, OH, US (CAK);Akron/Canton, OH, US (CAK)
ATO;Athens, OH (ATO);Athens, OH (ATO-Ohio University)
CVG;Cincinnati, OH, US (CVG);Cincinnati, OH, US (CVG)
LUK;Cincinnati, OH, US (LUK);Cincinnati, OH, US (LUK)
BKL;Cleveland, OH (BKL);Cleveland, OH (BKL-Burke-Lakefront)
CGF;Cleveland, OH (CGF);Cleveland, OH (CGF-Cuyahoga County)
CLE;Cleveland, OH, US (CLE);Cleveland, OH, US (CLE)
OSU;Columbus, OH (OSU);Columbus, OH (OSU-Ohio State University)
CMH;Columbus, OH, US (CMH);Columbus, OH, US (CMH)
LCK;Columbus, OH, US (LCK);Columbus, OH, US (LCK)
MGY;Dayton, OH (MGY);Dayton, OH (MGY-Montgomery Co.)
DAY;Dayton, OH, US (DAY);Dayton, OH, US (DAY)
GQQ;Galion, OH (GQQ);Galion, OH (GQQ)
AOH;Lima, OH (AOH);Lima, OH (AOH-Allen County)
MFD;Mansfield, OH (MFD);Mansfield, OH (MFD)
TOL;Toledo, OH, US (TOL);Toledo, OH, US (TOL)
YNG;Youngstown, OH, US (YNG);Youngstown, OH, US (YNG)
ADT;Ada, OK (ADT);Ada, OK (ADT)
AXS;Altus, OK (AXS);Altus, OK (AXS)
ADM;Ardmore, OK (ADM);Ardmore, OK (ADM)
AHD;Ardmore, OK (AHD);Ardmore, OK (AHD-Downtown)
BVO;Bartlesville, OK (BVO);Bartlesville, OK (BVO-Frank Phillips Field)
CLK;Clinton, OK (CLK);Clinton, OK (CLK)
CSM;Clinton, OK (CSM);Clinton, OK (CSM-Sherman)
WDG;Enid, OK (WDG);Enid, OK (WDG-Woodring Municipal)
LAW;Lawton, OK, US (LAW);Lawton, OK, US (LAW)
MLC;McAlester, OK (MLC);McAlester, OK (MLC)
PWA;Oklahoma City, OK (PWA);Oklahoma City, OK (PWA-Wiley Post)
OKC;Oklahoma City, OK, US (OKC);Oklahoma City, OK, US (OKC)
PNC;Ponca City, OK (PNC);Ponca City, OK (PNC)
SWO;Stillwater, OK (SWO);Stillwater, OK (SWO-Searcy Field)
RVS;Tulsa, OK (RVS);Tulsa, OK (RVS-R. Lloyd Jones)
TUL;Tulsa, OK, US (TUL);Tulsa, OK, US (TUL)
AST;Astoria, OR (AST);Astoria, OR (AST-Astoria Regional)
BKE;Baker City, OR (BKE);Baker City, OR (BKE)
BDY;Bandon, OR (BDY);Bandon, OR (BDY-State)
BOK;Brookings, OR (BOK);Brookings, OR (BOK)
BNO;Burns, OR (BNO);Burns, OR (BNO)
CVO;Corvallis, OR (CVO);Corvallis, OR (CVO)
EUG;Eugene, OR, US (EUG);Eugene, OR, US (EUG)
GOL;Gold Beach, OR (GOL);Gold Beach, OR (GOL)
HES;Hermiston, OR (HES);Hermiston, OR (HES-State)
LMT;Klamath Falls, OR (LMT);Klamath Falls, OR (LMT)
LGD;La Grande, OR (LGD);La Grande, OR (LGD)
LKV;Lakeview, OR (LKV);Lakeview, OR (LKV)
MFR;Medford, OR, US (MFR);Medford, OR, US (MFR)
ONP;Newport, OR (ONP);Newport, OR (ONP-Newport Municipal)
OTH;North Bend, OR, US (OTH);North Bend, OR, US (OTH)
ONO;Ontario, OR (ONO);Ontario, OR (ONO)
PDT;Pendleton, OR, US (PDT);Pendleton, OR, US (PDT)
PDX;Portland, OR, US (PDX);Portland, OR, US (PDX)
PRZ;Prineville, OR (PRZ);Prineville, OR (PRZ-Crook County)
RDM;Redmond, OR, US (RDM);Redmond, OR, US (RDM)
RSJ;Rosario, WA, US (RSJ);Rosario, WA, US (RSJ)
RBG;Roseburg, OR (RBG);Roseburg, OR (RBG)
SLE;Salem, OR (SLE);Salem, OR (SLE-McNary Field)
DLS;The Dalles, OR (DLS);The Dalles, OR (DLS)
WSX;Westsound, WA, US (WSX);Westsound, WA, US (WSX)
ABE;Allentown, PA, US (ABE);Allentown, PA, US (ABE)
AOO;Altoona, PA, US (AOO);Altoona, PA, US (AOO)
BFP;Beaver Falls, PA (BFP);Beaver Falls, PA (BFP-Beaver County)
BBX;Blue Bell, PA (BBX);Blue Bell, PA (BBX-Wings Field)
BFD;Bradford, PA, US (BFD);Bradford, PA, US (BFD)
BTP;Butler, PA (BTP);Butler, PA (BTP-Graham Field)
CTH;Coatesville, PA (CTH);Coatesville, PA (CTH-Chester County G. O. Carlson)
DUJ;DuBois, PA, US (DUJ);DuBois, PA, US (DUJ)
ERI;Erie, PA, US (ERI);Erie, PA, US (ERI)
FKL;Franklin, PA, US (FKL);Franklin, PA, US (FKL)
HAR;Harrisburg, PA (HAR - Skyport);Harrisburg, PA (HAR - Skyport)
MDT;Harrisburg, PA, US (MDT);Harrisburg, PA, US (MDT)
HZL;Hazleton, PA (HZL);Hazleton, PA (HZL)
IDI;Indiana, PA (IDI);Indiana, PA (IDI-Indiana County Jimmy Stewart)
JST;Johnstown, PA, US (JST);Johnstown, PA, US (JST)
LNS;Lancaster, PA, US (LNS);Lancaster, PA, US (LNS)
LBE;Latrobe, PA, US (LBE);Latrobe, PA, US (LBE)
MEJ;Meadville, PA (MEJ);Meadville, PA (MEJ)
PNE;Philadelphia, PA (PNE);Philadelphia, PA (PNE-Northeast Philadelphia)
PHL;Philadelphia, PA, US (PHL);Philadelphia, PA, US (PHL)
ZFV;Philadelphia, PA, US (ZFV - Rail Station);Philadelphia, PA, US (ZFV - Rail Station)
PSB;Philipsburg, PA (PSB);Philipsburg, PA (PSB-Midstate)
AGC;Pittsburgh, PA (AGC);Pittsburgh, PA (AGC-Allegheny County)
PIT;Pittsburgh, PA, US (PIT);Pittsburgh, PA, US (PIT)
RDG;Reading, PA (RDG);Reading, PA (RDG)
RED;Reedsville, PA (RED);Reedsville, PA (RED-Mifflin County)
STQ;St. Marys, PA (STQ);St. Marys, PA (STQ)
SCE;State College, PA, US (SCE);State College, PA, US (SCE)
WSG;Washington, PA (WSG);Washington, PA (WSG-Washington County)
AVP;Wilkes Barre/Scranton, PA, US (AVP);Wilkes Barre/Scranton, PA, US (AVP)
IPT;Williamsport, PA, US (IPT);Williamsport, PA, US (IPT)
BID;Block Island, RI, US (BID);Block Island, RI, US (BID)
NPT;Newport, RI (NPT);Newport, RI (NPT-State)
PVD;Providence, RI, US (PVD);Providence, RI, US (PVD)
WST;Westerly, RI (WST);Westerly, RI (WST-Westerly State)
AND;Anderson, SC (AND);Anderson, SC (AND-County)
ADR;Andrews, SC (ADR);Andrews, SC (ADR)
BFT;Beaufort, SC (BFT);Beaufort, SC (BFT-County)
CHS;Charleston, SC, US (CHS);Charleston, SC, US (CHS)
HCW;Cheraw, SC (HCW);Cheraw, SC (HCW-Cheraw Municipal)
CEU;Clemson, SC (CEU);Clemson, SC (CEU-Clemson-Oconee County)
CAE;Columbia, SC, US (CAE);Columbia, SC, US (CAE)
DLL;Dillon, SC (DLL);Dillon, SC (DLL-Dillon County)
FLO;Florence, SC, US (FLO);Florence, SC, US (FLO)
GGE;Georgetown, SC (GGE);Georgetown, SC (GGE-Georgetown County)
GMU;Greenville Downtown, SC (GMU);Greenville, SC (GMU-Greenville Downtown)
GSP;Greenville, SC, US (GSP);Greenville, SC, US (GSP)
GRD;Greenwood, SC (GRD);Greenwood, SC (GRD-County)
HHH;Hilton Head Island, SC, US (HHH);Hilton Head Island, SC, US (HHH)
GVT;Majors Field, SC (GVT);Greenville, SC (GVT-Majors Field)
MYR;Myrtle Beach, SC, US (MYR);Myrtle Beach, SC, US (MYR)
LQK;Pickens, SC (LQK);Pickens, SC (LQK-Pickens County)
RKH;Rock Hill, SC (RKH);Rock Hill, SC (RKH-Bryant Field)
SPA;Spartanburg, SC (SPA);Spartanburg, SC (SPA-Spartanburg Downtown)
SUM;Sumter, SC (SUM);Sumter, SC (SUM)
ABR;Aberdeen, SD, US (ABR);Aberdeen, SD, US (ABR)
BKX;Brookings, SD (BKX);Brookings, SD (BKX-Brookings)
HON;Huron, SD, US (HON);Huron, SD, US (HON)
MHE;Mitchell, SD (MHE);Mitchell, SD (MHE-Mitchell)
PIR;Pierre, SD, US (PIR);Pierre, SD, US (PIR)
XPR;Pine Ridge, SD (XPR);Pine Ridge, SD (XPR)
RAP;Rapid City, SD, US (RAP);Rapid City, SD, US (RAP)
FSD;Sioux Falls, SD, US (FSD);Sioux Falls, SD, US (FSD)
SPF;Spearfish, SD (SPF);Spearfish, SD (SPF-Black Hills-Clyde Ice Field)
ATY;Watertown, SD, US (ATY);Watertown, SD, US (ATY)
YKN;Yankton, SD (YKN);Yankton, SD (YKN-Chan Gurney)
TRI;Blountville, TN, US (TRI);Blountville, TN, US (TRI)
CHA;Chattanooga, TN, US (CHA);Chattanooga, TN, US (CHA)
CKV;Clarksville, TN (CKV);Clarksville, TN (CKV-Outlaw Field)
CSV;Crossville, TN (CSV);Crossville, TN (CSV-Crossville Memorial)
GKT;Gatlinburg, TN (GKT);Gatlinburg, TN (GKT)
MKL;Jackson, TN, US (MKL);Jackson, TN, US (MKL)
TYS;Knoxville, TN, US (TYS);Knoxville, TN, US (TYS)
MEM;Memphis, TN, US (MEM);Memphis, TN, US (MEM)
MOR;Morristown, TN (MOR);Morristown, TN (MOR-Moore-Murrell)
BNA;Nashville, TN, US (BNA);Nashville, TN, US (BNA)
PHT;Paris, TN (PHT);Paris, TN (PHT-Henry County)
THA;Tullahoma, TN (THA);Tullahoma, TN (THA-William Northern)
ABI;Abilene, TX, US (ABI);Abilene, TX, US (ABI)
ALE;Alpine, TX (ALE);Alpine, TX (ALE)
TDW;Amarillo, TX (TDW);Amarillo, TX (TDW-Tradewind)
AMA;Amarillo, TX, US (AMA);Amarillo, TX, US (AMA)
AUS;Austin, TX, US (AUS);Austin, TX, US (AUS)
BPT;Beaumont, TX, US (BPT);Beaumont, TX, US (BPT)
HCA;Big Spring, TX (HCA);Big Spring, TX (HCA)
BGD;Borger, TX (BGD);Borger, TX (BGD-Hutchinson County)
BRO;Brownsville, TX, US (BRO);Brownsville, TX, US (BRO)
BRO;Brownsville/Harlingen, TX (BRO) - All Airports;Brownsville/Harlingen, TX (BRO) - All Airports
BWD;Brownwood, TX (BWD);Brownwood, TX (BWD)
CLL;College Station, TX, US (CLL);College Station, TX, US (CLL)
CRP;Corpus Christi, TX, US (CRP);Corpus Christi, TX, US (CRP)
JDB;Dallas, TX (JDB);Dallas, TX (JDB-Downtown)
WHN;Dallas, TX (WHN);Dallas, TX (WHN-Redbird Inn Heliport)
WSL;Dallas, TX (WSL);Dallas, TX (WSL-North Dallas Heliport)
DAL;Dallas, TX, US (All Airports);Dallas, TX, US (All Airports)
DAL;Dallas, TX, US (DAL - Love);Dallas, TX, US (DAL - Love)
DFW;Dallas, TX, US (DFW - All Airports);Dallas, TX, US (DFW - All Airports)
DFW;Dallas/Fort Worth, TX, US (DFW);Dallas/Fort Worth, TX, US (DFW)
DRT;Del Rio, TX (DRT);Del Rio, TX (DRT)
EGP;Eagle Pass, TX (EGP);Eagle Pass, TX (EGP-Maverick County)
ETN;Eastland, TX (ETN);Eastland, TX (ETN)
ELP;El Paso, TX, US (ELP);El Paso, TX, US (ELP)
FTW;Fort Worth, TX (FTW);Fort Worth, TX (FTW-Meacham Fld.)
GLS;Galveston, TX (GLS);Galveston, TX (GLS-Scholes Field)
HRL;Harlingen, TX, US (HRL);Harlingen, TX, US (HRL)
EFD;Houston, TX (EFD - Ellington Field);Houston, TX (EFD - Ellington Field)
JDX;Houston, TX (JDX);Houston, TX (JDX-Central Business District)
JGP;Houston, TX (JGP);Houston, TX (JGP-Greenway Plaza)
JGQ;Houston, TX (JGQ);Houston, TX (JGQ-Galleria)
JPT;Houston, TX (JPT);Houston, TX (JPT-Park Ten Helipad)
JWH;Houston, TX (JWH);Houston, TX (JWH-Westchase Helipad)
SGR;Houston, TX (SGR);Houston, TX (SGR-Sugar Land Munc.)
HOU;Houston, TX, US (HOU - All Airports);Houston, TX, US (HOU - All Airports)
HOU;Houston, TX, US (HOU - Hobby);Houston, TX, US (HOU - Hobby)
IAH;Houston, TX, US (IAH - Intercontinental);Houston, TX, US (IAH - Intercontinental)
ILE;Killeen, TX (ILE);Killeen, TX (ILE)
GRK;Killeen, TX, US (GRK);Killeen, TX, US (GRK)
LJN;Lake Jackson, TX (LJN);Lake Jackson, TX (LJN-Brazoria County)
LKS;Lakeside, TX (LKS);Lakeside, TX (LKS-Lakeside Airport)
LRD;Laredo, TX, US (LRD);Laredo, TX, US (LRD)
GGG;Longview, TX, US (GGG);Longview, TX, US (GGG)
LBB;Lubbock, TX, US (LBB);Lubbock, TX, US (LBB)
LFK;Lufkin, TX (LFK);Lufkin, TX (LFK-Lufkin-Angelina County)
MFE;McAllen, TX, US (MFE);McAllen, TX, US (MFE)
MAF;Midland, TX, US (MAF);Midland, TX, US (MAF)
MPS;Mount Pleasant, TX (MPS);Mount Pleasant, TX (MPS)
OCH;Nacogdoches, TX (OCH);Nacogdoches, TX (OCH-A L Mangham Jr. Regional)
PRX;Paris, TX (PRX);Paris, TX (PRX-Cox Field)
SJT;San Angelo, TX, US (SJT);San Angelo, TX, US (SJT)
SAT;San Antonio, TX, US (SAT);San Antonio, TX, US (SAT)
PNX;Sherman, TX (PNX);Sherman, TX (PNX-Grayson County)
SWI;Sherman, TX (SWI);Sherman, TX (SWI)
TPL;Temple, TX (TPL);Temple, TX (TPL-Draughon-Miller)
TYR;Tyler, TX, US (TYR);Tyler, TX, US (TYR)
VCT;Victoria, TX, US (VCT);Victoria, TX, US (VCT)
ACT;Waco, TX, US (ACT);Waco, TX, US (ACT)
WHT;Wharton, TX (WHT);Wharton, TX (WHT)
SPS;Wichita Falls, TX, US (SPS);Wichita Falls, TX, US (SPS)
BDG;Blanding, UT (BDG);Blanding, UT (BDG)
BCE;Bryce Canyon, UT (BCE);Bryce Canyon, UT (BCE)
CDC;Cedar City, UT, US (CDC);Cedar City, UT, US (CDC)
DTA;Delta, UT (DTA);Delta, UT (DTA)
WUJ;Duchesne, UT (WUJ);Duchesne, UT (WUJ)
RVR;Green River, UT (RVR);Green River, UT (RVR)
KNB;Kanab, UT (KNB);Kanab, UT (KNB)
LGU;Logan, UT (LGU);Logan, UT (LGU-Logan-Cache)
NTJ;Manti, UT (NTJ);Manti, UT (NTJ-Manti-Ephraim)
MLF;Milford, UT (MLF);Milford, UT (MLF)
CNY;Moab, UT (CNY);Moab, UT (CNY)
MXC;Monticello, UT (MXC);Monticello, UT (MXC)
MSD;Mount Pleasant, UT (MSD);Mount Pleasant, UT (MSD)
NPH;Nephi, UT (NPH);Nephi, UT (NPH)
PNU;Panguitch, UT (PNU);Panguitch, UT (PNU)
PUC;Price, UT (PUC);Price, UT (PUC-Carbon County)
PVU;Provo, UT, US (PVU);Provo, UT, US (PVU)
RIF;Richfield, UT (RIF);Richfield, UT (RIF)
ROL;Roosevelt, UT (ROL);Roosevelt, UT (ROL)
SBO;Salina, UT (SBO);Salina, UT (SBO-Salina-Gunnison)
SLC;Salt Lake City, UT, US (SLC);Salt Lake City, UT, US (SLC)
SGU;St. George, UT, US (SGU);St. George, UT, US (SGU)
VEL;Vernal, UT (VEL);Vernal, UT (VEL-Vernal Uintah Co. Airport)
ENV;Wendover, UT (ENV);Wendover, UT (ENV)
VJI;Abingdon, VA (VJI);Abingdon, VA (VJI-Virginia Highlands)
BCB;Blacksburg, VA (BCB);Blacksburg, VA (BCB-Virginia Tech)
CHO;Charlottesville, VA, US (CHO);Charlottesville, VA, US (CHO)
DAN;Danville, VA (DAN);Danville, VA (DAN-Danville Regional)
HSP;Hot Springs, VA (HSP);Hot Springs, VA (HSP-Ingalls Field)
LOW;Louisa, VA (LOW);Louisa, VA (LOW-Freeman Field)
LYH;Lynchburg, VA, US (LYH);Lynchburg, VA, US (LYH)
MNZ;Manassas, VA (MNZ);Manassas, VA (MNZ)
PHF;Newport News, VA, US (PHF);Newport News, VA, US (PHF)
ORF;Norfolk, VA, US (ORF);Norfolk, VA, US (ORF)
PSK;Pulaski, VA (PSK);Pulaski, VA (PSK)
RIC;Richmond, VA, US (RIC);Richmond, VA, US (RIC)
ROA;Roanoke, VA, US (ROA);Roanoke, VA, US (ROA)
SHD;Shenandoah Valley, VA, US (SHD);Shenandoah Valley, VA, US (SHD)
QBF;Vail, VA (QBF);Vail Van Station (BUS STATION), Vail-Eagle County, CO (QBF)
ZBV;Vail, VA (ZBV);Beaver Creek Van Station (BUS STATION), Vail-Eagle County, CO (ZBV)
WGO;Winchester, VA (WGO);Winchester, VA (WGO)
LNP;Wise, VA (LNP);Wise, VA (LNP)
BTV;Burlington, VT, US (BTV);Burlington, VT, US (BTV)
EEN;Keene, VT (EEN);Keene, NH (EEN-Dillant-Hopkins)
MPV;Montpelier, VT (MPV);Montpelier, VT (MPV-Edward F. Knapp State)
EFK;Newport, VT (EFK);Newport, VT (EFK-Newport State)
RUT;Rutland, VT, US (RUT);Rutland, VT, US (RUT)
VSF;Springfield, VT (VSF);Springfield, VT (VSF-State)
MVL;Stowe, VT (MVL);Stowe, VT (MVL-Morrisville-Stowe State)
OTS;Anacortes, WA (OTS);Anacortes, WA (OTS)
BLI;Bellingham, WA, US (BLI);Bellingham, WA, US (BLI)
BWS;Blaine, WA (BWS);Blaine, WA (BWS)
BYW;Blakely Island, WA (BYW);Blakely Island, WA (BYW)
PWT;Bremerton, WA (PWT);Bremerton, WA (PWT)
CWS;Center Island, WA (CWS);Center Island, WA (CWS)
DTR;Decatur Island, WA (DTR);Decatur Island, WA (DTR)
ESD;Eastsound, WA, US (ESD);Eastsound, WA, US (ESD)
PAE;Everett, WA (PAE);Everett, WA (PAE-Snohomish County)
FRD;Friday Harbor, WA, US (FRD);Friday Harbor, WA, US (FRD)
HQM;Hoquiam, WA (HQM);Hoquiam, WA (HQM-Bowerman)
KEH;Kenmore Air Harbor, WA, US (KEH);Kenmore Air Harbor, WA, US (KEH)
LPS;Lopez Island, WA, US (LPS);Lopez Island, WA, US (LPS)
MWH;Moses Lake, WA (MWH);Moses Lake, WA (MWH-Grant County)
MVW;Mount Vernon, WA (MVW);Mount Vernon, WA (MVW-Skagit Field)
ODW;Oak Harbor, WA (ODW);Oak Harbor, WA (ODW)
OLM;Olympia, WA (OLM);Olympia, WA (OLM)
PSC;Pasco, WA, US (PSC);Pasco, WA, US (PSC)
CLM;Port Angeles, WA (CLM);Port Angeles, WA (CLM)
TWD;Port Townsend, WA (TWD);Port Townsend, WA (TWD-Jefferson County)
PUL;Poulsbo, WA (PUL);Poulsbo, WA (PUL)
PUW;Pullman, WA, US (PUW);Pullman, WA, US (PUW)
RLD;Richland, WA (RLD);Richland, WA (RLD)
RCE;Roche Harbor, WA, US (RCE);Roche Harbor, WA, US (RCE)
BFI;Seattle, WA, US (BFI);Seattle, WA, US (BFI - Boeing Field)
LKE;Seattle, WA, US (LKE);Seattle, WA, US (LKE)
SEA;Seattle, WA, US (SEA);Seattle, WA, US (SEA)
SQV;Sequim, WA (SQV);Sequim, WA (SQV-Sequim Valley)
SFF;Spokane, WA (SFF);Spokane, WA (SFF-Felts Field)
GEG;Spokane, WA, US (GEG);Spokane, WA, US (GEG)
SSW;Stuart Island, WA (SSW);Stuart Island, WA (SSW)
TIW;Tacoma, WA (TIW);Tacoma, WA (TIW-Tacoma Industrial)
WDN;Waldron Island, WA (WDN);Waldron Island, WA (WDN)
ALW;Walla Walla, WA, US (ALW);Walla Walla, WA, US (ALW)
EAT;Wenatchee, WA, US (EAT);Wenatchee, WA, US (EAT)
YKM;Yakima, WA, US (YKM);Yakima, WA, US (YKM)
AHH;Amery, WI (AHH);Amery, WI (AHH)
ATW;Appleton, WI, US (ATW);Appleton, WI, US (ATW)
ASX;Ashland, WI (ASX);Ashland, WI (ASX-John F. Kennedy Memorial)
EGV;Eagle River, WI (EGV);Eagle River, WI (EGV-Union)
EAU;Eau Claire, WI, US (EAU);Eau Claire, WI, US (EAU)
GRB;Green Bay, WI, US (GRB);Green Bay, WI, US (GRB)
HYR;Hayward, WI (HYR);Hayward, WI (HYR)
JVL;Janesville, WI (JVL);Janesville, WI (JVL-Rock County)
ENW;Kenosha, WI (ENW);Kenosha, WI (ENW)
LSE;La Crosse, WI, US (LSE);La Crosse, WI, US (LSE)
MSN;Madison, WI, US (MSN);Madison, WI, US (MSN)
MTW;Manitowoc, WI (MTW);Manitowoc, WI (MTW)
MFI;Marshfield, WI (MFI);Marshfield, WI (MFI)
MDF;Medford, WI (MDF);Medford, WI (MDF-Taylor County)
MWC;Milwaukee, WI (MWC);Milwaukee, WI (MWC-Lawrence)
MKE;Milwaukee, WI, US (MKE);Milwaukee, WI, US (MKE)
ARV;Minocqua, WI (ARV);Minocqua, WI (ARV-Noble F. Lee Memorial Field)
RNH;New Richmond, WI (RNH);New Richmond, WI (RNH)
OSH;Oshkosh, WI (OSH);Oshkosh, WI (OSH-Wittman Field)
RHI;Rhinelander, WI, US (RHI);Rhinelander, WI, US (RHI)
RIE;Rice Lake, WI (RIE);Rice Lake, WI (RIE)
SBM;Sheboygan, WI (SBM);Sheboygan, WI (SBM-Memorial)
STE;Stevens Point, WI (STE);Stevens Point, WI (STE)
SUE;Sturgeon Bay, WI (SUE);Sturgeon Bay, WI (SUE-Cherryland)
UES;Waukesha, WI (UES);Waukesha, WI (UES-Waukesha County)
AUW;Wausau, WI (AUW);Wausau, WI (AUW-Cen. Wi Regional)
CWA;Wausau, WI, US (CWA);Wausau, WI, US (CWA)
ISW;Wisconsin Rapids, WI (ISW);Wisconsin Rapids, WI (ISW-Alexander Field South Wood Co.)
BKW;Beckley, WV, US (BKW);Beckley, WV, US (BKW)
BLF;Bluefield, WV (BLF);Bluefield, WV (BLF-Mercer County)
CRW;Charleston, WV, US (CRW);Charleston, WV, US (CRW)
CKB;Clarksburg, WV, US (CKB);Clarksburg, WV, US (CKB)
EKN;Elkins, WV (EKN);Elkins, WV (EKN-Randolph County)
LWB;Greenbrier, WV, US (LWB);Greenbrier, WV, US (LWB)
HTS;Huntington, WV, US (HTS);Huntington, WV, US (HTS)
MGW;Morgantown, WV, US (MGW);Morgantown, WV, US (MGW)
PKB;Parkersburg, WV, US (PKB);Parkersburg, WV, US (PKB)
PGC;Petersburg, WV (PGC);Petersburg, WV (PGC)
HLG;Wheeling, WV (HLG);Wheeling, WV (HLG-Ohio County)
CPR;Casper, WY, US (CPR);Casper, WY, US (CPR)
CYS;Cheyenne, WY, US (CYS);Cheyenne, WY, US (CYS)
COD;Cody, WY, US (COD);Cody, WY, US (COD)
EVW;Evanston, WY (EVW);Evanston, WY (EVW)
GCC;Gillette, WY, US (GCC);Gillette, WY, US (GCC)
JAC;Jackson Hole, WY, US (JAC);Jackson Hole, WY, US (JAC)
EMM;Kemmerer, WY (EMM);Kemmerer, WY (EMM-Kemmerer Municipal)
LND;Lander, WY (LND);Lander, WY (LND-Hunt)
LAR;Laramie, WY, US (LAR);Laramie, WY, US (LAR)
POY;Powell, WY (POY);Powell, WY (POY)
RWL;Rawlins, WY (RWL);Rawlins, WY (RWL)
RIW;Riverton, WY, US (RIW);Riverton, WY, US (RIW)
RKS;Rock Springs, WY, US (RKS);Rock Springs, WY, US (RKS)
SAA;Saratoga, WY (SAA);Saratoga, WY (SAA-Shively Field)
SHR;Sheridan, WY (SHR);Sheridan, WY (SHR-Sheridan County)
WRL;Worland, WY, US (WRL);Worland, WY, US (WRL)
